url,item_name,origin_price,color_price,technical_infomation
https://hoanghamobile.com/dien-thoai/oppo-reno13-f-5g-12gb-256gb,OPPO Reno13 F 5G 12GB/256GB,,[],"['Màn hình: [Kích thước màn hình: 6.67""\nCông nghệ màn hình: AMOLED\nĐộ phân giải: 1080 x 2400\nĐộ sáng màn hình: 1200 nits\nTần số quét (Hz): 120Hz\n]', 'Camera sau: [Độ phân giải camera: Chính 50 MP & Phụ 8 MP, 2 MP\nQuay phim: HD 720p@60fps\nHD 720p@30fps\nHD 720p@240fps\nHD 720p@120fps\nFullHD 1080p@60fps\nFullHD 1080p@30fps\nFullHD 1080p@120fps\nTính năng: Xóa phông\nTrôi nhanh thời gian (Time Lapse)\nToàn cảnh (Panorama)\nSiêu cận (Macro)\nQuay chậm (Slow Motion)\nLàm đẹp AI\nHDR\nGóc siêu rộng (Ultrawide)\nChống rung quang học (OIS)\nBan đêm (Night Mode)\nĐèn Flash: Có\n]', 'Camera trước: [Độ phân giải camera: 32 MP\nTính năng: Xóa phông\nTrôi nhanh thời gian (Time Lapse)\nToàn cảnh (Panorama)\nNhãn dán (AR Stickers)\nLàm đẹp A.I\n]', 'Hệ điều hành & CPU: [Hệ điều hành: Android 15\nVi xử lý: Snapdragon 6 Gen 1 5G 8 nhân\nVi xử lý đồ họa (GPU): Snapdragon 6 Gen 1 5G 8 nhân\n]', 'Bộ nhớ & Lưu trữ: [Bộ nhớ trong: 256GB\nRAM: 12GB\nBộ nhớ còn lại (khả dụng): 239 GB\nThẻ nhớ ngoài: MicroSD, hỗ trợ tối đa 2 TB\n]', 'Kết nối: [Mạng di động: 5G\nĐịnh vị: QZSS\nGPS\nGLONASS\nGALILEO\nBEIDOU\nBluetooth: V5.1\nJack tai nghe: Type-C\nCổng kết nối/sạc: Type-C\nKết nối khác: OTG\nWi-Fi: Wi-Fi hotspot\nWi-Fi 5\nDual-band (2.4 GHz/5 GHz)\nSố khe SIM: 2 Nano SIM\nKết Nối NFC: Có\n]', 'Thiết kế - trọng lượng: [Thiết kế: Nguyên khối\nChất liệu: Khung nhựa & Mặt lưng thuỷ tinh hữu cơ\nKích thước: 162.2 mm - 75.05 mm - 7.76 mm\nTrọng lượng: 192g\n]', 'Pin & Sạc: [Dung lượng pin sản phẩm: 5800 mAh\nHỗ trợ sạc tối đa: 45 W\nCông nghệ pin: Tiết kiệm pin\nSạc siêu nhanh SuperVOOC\nLoại pin: Li-Po\n]', 'Tiện ích: [Bảo mật sinh trắc học: Mở khoá vân tay dưới màn hình\nMở khoá khuôn mặt\nTính năng đặc biệt: Ứng dụng kép (Nhân bản ứng dụng)\nCử chỉ thông minh\nKháng nước, kháng bụi: IP66, IP68, IP69\n]', 'Thông tin chung: [Thời điểm ra mắt: 01/2025\n]']"
https://hoanghamobile.com/dien-thoai/oppo-reno13-f,OPPO Reno13 F 8GB/256GB,,[],"['Màn hình: [Kích thước màn hình: 6.67""\nTần số quét (Hz): 120Hz\nCông nghệ màn hình: Kính cường lực AGC DT Star2\nĐộ phân giải: 1080 x 2400 (FHD)\nĐộ sáng màn hình: 1200 nits\n]', 'Camera sau: [Độ phân giải camera: 50MP (Chính) + 8MP (Góc rộng) + 2MP (Marco)\nQuay phim: F/1.8 + F/2.2 + F/2.4\nĐèn Flash: Có\n]', 'Camera trước: [Độ phân giải camera: 32MP\nQuay phim: F/2.4\n]', 'Hệ điều hành & CPU: [Vi xử lý: MediaTek Helio G100\nTốc độ CPU: 2.2GHz\nVi xử lý đồ họa (GPU): ARM G57 MC2 1.0GHz\nHệ điều hành: ColorOS 15, nền tảng Android 15\n]', 'Bộ nhớ & Lưu trữ: [RAM: 8GB\nBộ nhớ trong: 256GB\nThẻ nhớ ngoài: Hỗ trợ thẻ nhớ tối đa 1TB\n]', 'Kết nối: [Số khe SIM: Dual nano-SIM\nWi-Fi: Wifi 2.4G/5G, 802.11 a/b/g/n/ac\nKết Nối NFC: Có\nĐịnh vị: GPS, GLONASS, BDS, Galileo, QZSS\nBluetooth: V5.3 BLE\nCổng kết nối/sạc: Type-C\nJack tai nghe: Type-C\nCảm biến: Cảm biến tiệm cận\nCảm biến ánh sáng\nCảm biến gia tốc kế\nLa bàn số\nMạng di động: 4G\n]', 'Pin & Sạc: [Dung lượng pin sản phẩm: 5800mAh\n]', 'Tiện ích: [Kháng nước, kháng bụi: IP66, IP68, IP69\n]']"
https://hoanghamobile.com/dien-thoai-di-dong/oppo-find-n3-16gb-512gb-chinh-hang,Điện thoại OPPO Find N3 (16GB/512GB),"44,990,000 ₫","['Màu: Màu Đen - Giá: 39,990,000 ₫', 'Màu: Màu Vàng - Giá: 39,990,000 ₫']","['Màn hình: [Tần số quét (Hz): 120Hz\nĐộ phân giải: 2440 x 2268\nCông nghệ màn hình: OLED\nKích thước màn hình: MH chính: 7.82""\nMH phụ: 6.31""\nĐộ sáng màn hình: 2800nits\n]', 'Camera sau: [Quay phim: HD 720p@60fps\nHD 720p@480fps\nHD 720p@30fps\nHD 720p@240fps\nFullHD 1080p@60fps\nFullHD 1080p@30fps\nFullHD 1080p@240fps\n4K 2160p@60fps\n4K 2160p@30fps\nTính năng: Ảnh Raw\nZoom quang học\nZoom kỹ thuật số\nXóa phông\nXPAN\nTrôi nhanh thời gian (Time Lapse)\nToàn cảnh (Panorama)\nSiêu độ phân giải\nSiêu cận (Macro)\nQuét mã QR\nQuay video hiển thị kép\nQuay chậm (Slow Motion)\nPhơi sáng\nNhãn dán (AR Stickers)\nLàm đẹp\nHDR\nGóc siêu rộng (Ultrawide)\nGoogle Lens\nFlexCam\nChụp hẹn giờ\nChống rung quang học (OIS)\nChuyên nghiệp (Pro)\nBộ lọc màu\nBan đêm (Night Mode)\nĐèn Flash: Có\nĐộ phân giải camera: 48MP (f/1.7) + 64MP (f/2.6) + 48MP (f/2.2)\n]', 'Camera trước: [Độ phân giải camera: Trong: 20 MP & Ngoài: 32 MP\nTính năng: Ảnh Raw\nZoom quang học\nZoom kỹ thuật số\nXóa phông\nXPAN\nTrôi nhanh thời gian (Time Lapse)\nToàn cảnh (Panorama)\nSiêu độ phân giải\nSiêu cận (Macro)\nQuét mã QR\nQuay video hiển thị kép\nQuay chậm (Slow Motion)\nPhơi sáng\nNhãn dán (AR Stickers)\nLàm đẹp\nHDR\nGóc siêu rộng (Ultrawide)\nGoogle Lens\nFlexCam\nChụp hẹn giờ\nChống rung quang học (OIS)\nChuyên nghiệp (Pro)\nBộ lọc màu\nBan đêm (Night Mode)\n]', 'Hệ điều hành & CPU: [Vi xử lý: Snapdragon 8 Gen 2\nVi xử lý đồ họa (GPU): Adreno 740\nHệ điều hành: Android 13\nTốc độ CPU: Octa-core (1x3.2 GHz Cortex-X3 & 2x2.8 GHz Cortex-A715 & 2x2.8 GHz Cortex-A710 & 3x2.0 GHz Cortex-A510)\n]', 'Bộ nhớ & Lưu trữ: [RAM: 16GB\nBộ nhớ trong: 512GB\nBộ nhớ còn lại (khả dụng): 438 GB\nThẻ nhớ ngoài: Không hỗ trợ thẻ nhớ\n]', 'Kết nối: [Số khe SIM: 2 Nano SIM hoặc 1 Nano SIM + 1 eSIM\nĐịnh vị: QZSS\nGPS\nGLONASS\nGALILEO\nBEIDOU\nBluetooth: V5.3\nCổng kết nối/sạc: Type-C\nJack tai nghe: Type-C\nKết nối khác: OTG\nWi-Fi: Wi-Fi 6\nMạng di động: 5G\nCảm biến: Cảm biến vân tay cạnh bên\nCảm biến gia tốc\nCảm biến tiệm cận\nCảm biến ánh sáng\nLa bàn\nCon quay hồi chuyển\nCảm biến áp kế\nKết Nối NFC: Có\n]', 'Thiết kế - trọng lượng: [Thiết kế: Nguyên khối\nChất liệu: Khung hợp kim nhôm & Mặt lưng kính cường lực Gorilla Glass 5 (Màu Vàng) | Da (Màu Đen)\nKích thước: 153.4mm x 143.1mm x 5.9mm\nTrọng lượng: 245g (Kính) | 239g (Da)\n]', 'Pin & Sạc: [Dung lượng pin sản phẩm: 4805mAh\nCông nghệ pin: Sạc nhanh 67W\nHỗ trợ sạc tối đa: 67W\nLoại pin: Li-Po\n]', 'Tiện ích: [Tính năng đặc biệt: Ứng dụng kép (Nhân bản ứng dụng)\nĐa cửa sổ (chia đôi màn hình)\nÂm thanh Dolby Atmos\nTrợ lý ảo Google Assistant\nThu nhỏ màn hình sử dụng một tay\nThanh bên thông minh\nMở rộng bộ nhớ RAM\nKhoá ứng dụng\nCử chỉ thông minh\nCử chỉ màn hình tắt\nCông nghệ hình ảnh Dolby Vision\nChế độ trẻ em (Không gian trẻ em)\nChạm 2 lần tắt/sáng màn hình\nKháng nước, kháng bụi: IPX4\nBảo mật sinh trắc học: Mở khoá vân tay cạnh viền, Mở khoá khuôn mặt\n]', 'Thông tin chung: [Thời điểm ra mắt: 10/2023\nSản phẩm bao gồm: Ốp lưng, Sách hướng dẫn, Hộp, Cáp Type C, Củ sạc nhanh rời đầu Type A, Cây lấy sim\n]']"
https://hoanghamobile.com/dien-thoai-di-dong/oppo-find-n3-flip-12gb-256gb-chinh-hang,Điện thoại OPPO Find N3 Flip (12GB/256GB),"22,990,000 ₫","['Màu: Màu Đen - Giá: 19,990,000 ₫', 'Màu: Màu Vàng - Giá: 19,990,000 ₫']","['Màn hình: [Tần số quét (Hz): 120Hz\nCông nghệ màn hình: AMOLED\nKích thước màn hình: MH chính: 6.8""\nMH phụ: 3.26""\nĐộ phân giải: MH bên trong: 2520 x 1080\nMH ngoài: 720 x 382\nĐộ sáng màn hình: MHChính:1600nits\nMHPhụ:900nits\n]', 'Camera sau: [Quay phim: Tối đa 4K@30fps\nTính năng: Ảnh Raw\nZoom quang học\nZoom kỹ thuật số\nXóa phông\nTự động lấy nét (AF)\nTrôi nhanh thời gian (Time Lapse)\nToàn cảnh (Panorama)\nSiêu độ phân giải\nQuét tài liệu\nQuét mã QR\nQuay chậm (Slow Motion)\nPhơi sáng\nNhãn dán (AR Stickers)\nLàm đẹp\nHDR\nGóc siêu rộng (Ultrawide)\nGoogle Lens\nChụp hẹn giờ\nChống rung quang học (OIS)\nChuyên nghiệp (Pro)\nBộ lọc màu\nBan đêm (Night Mode)\nĐèn Flash: Có\nĐộ phân giải camera: 50MP (ƒ/1.8) x 32MP (ƒ/2.0) x 48MP (ƒ/2.2)\n]', 'Camera trước: [Độ phân giải camera: 32MP ƒ/2.4, FOV 90°, tiêu cự 21 mm\nQuay phim: Tối đa 4K@30fps\n]', 'Hệ điều hành & CPU: [Vi xử lý: MediaTek Dimensity 9200\nTốc độ CPU: Octa-core (1x3.05 GHz Cortex-X3 & 3x2.85 GHz Cortex-A715 & 4x1.80 GHz Cortex-A510)\nHệ điều hành: Android 13\nVi xử lý đồ họa (GPU): Immortalis-G715 MC11\n]', 'Bộ nhớ & Lưu trữ: [RAM: 12GB\nBộ nhớ trong: 256GB\nThẻ nhớ ngoài: Không hỗ trợ thẻ nhớ\n]', 'Kết nối: [Mạng di động: 5G\nSố khe SIM: 2 nano-SIM\nBluetooth: V5.3\nCổng kết nối/sạc: Type-C\nJack tai nghe: Type-C\nKết nối khác: OTG\nĐang cập nhật\nWi-Fi: Hỗ trợ Wi-Fi 7 (802.11be), Wi-Fi 6 (802.11ax), Wi-Fi 5 (802.11ac), 802.11a/b/g/n\nCảm biến: Cảm biến vân tay cạnh bên\nCảm biến gia tốc\nCảm biến tiệm cận\nCảm biến ánh sáng\nLa bàn\nCon quay hồi chuyển\nĐịnh vị: Beidou\nGPS\nGLONASS\nGALILEO\nQZSS\nA-GNSS\nĐịnh vị mạng LAN không dây\nĐịnh vị mạng di động\nKết Nối NFC: Có\n]', 'Thiết kế - trọng lượng: [Trọng lượng: 198g\nKích thước: Khi mở: 166.4mm x 75.8mm x 7.79mm\nKhi gập lại: 16.45mm x 75.8mm x 85.5mm\nThiết kế: Nguyên khối\nChất liệu: Khung nhôm & Mặt lưng kính cường lực Gorilla Glass 7\n]', 'Pin & Sạc: [Dung lượng pin sản phẩm: 4300mAh\nHỗ trợ sạc tối đa: 44W\nLoại pin: Li-Po\nCông nghệ pin: Sạc nhanh SuperVOOC 3.0 công suất 44 W\nSạc pin nhanh\nTiết kiệm pin\nSiêu tiết kiệm pin\nSạc ngược không dây\n]', 'Tiện ích: [Bảo mật sinh trắc học: Nhận dạng vân tay cạnh bên, nhận dạng khuôn mặt\nKháng nước, kháng bụi: IPX4\nTính năng đặc biệt: Ứng dụng kép (Nhân bản ứng dụng)\nĐa cửa sổ (chia đôi màn hình)\nÂm thanh Dolby Atmos\nTrợ lý ảo Google Assistant\nThu nhỏ màn hình sử dụng một tay\nMở rộng bộ nhớ RAM\nKhoá ứng dụng\nHDR10+\nDCI-P3\nCử chỉ màn hình tắt\nChế độ trẻ em (Không gian trẻ em)\nChạm 2 lần tắt/sáng màn hình\n]', 'Thông tin chung: [Thời điểm ra mắt: 10/2023\nSản phẩm bao gồm: Hộp, Sách hướng dẫn, Cây lấy sim, Ốp lưng, Cáp Type C, Củ sạc nhanh rời đầu Type A\n]']"
https://hoanghamobile.com/dien-thoai-di-dong/oppo-a17k-3gb-64gb-chinh-hang,Điện thoại OPPO A17K (3GB/64GB),"3,290,000 ₫","['Màu: Xanh - Giá: 2,690,000 ₫', 'Màu: Màu Vàng - Giá: 2,690,000 ₫']","['Màn hình: [Kích thước màn hình: 6.56""\nCông nghệ màn hình: LCD\nĐộ phân giải: 1612 x 720\nTần số quét (Hz): 60Hz\nĐộ sáng màn hình: 600nits\n]', 'Camera sau: [Tính năng: Zoom kỹ thuật số\nTrôi nhanh thời gian (Time Lapse)\nToàn cảnh (Panorama)\nLàm đẹp\nHDR\nChuyên nghiệp (Pro)\nBộ lọc màu\nBan đêm (Night Mode)\nAI Camera\nĐèn Flash: Có\nĐộ phân giải camera: 8 MP (f/2.0)\nQuay phim: HD 720p@30fps\nFullHD 1080p@30fps\n]', 'Camera trước: [Độ phân giải camera: 5 MP\nTính năng: Xóa phông\nTrôi nhanh thời gian (Time Lapse)\nToàn cảnh (Panorama)\nLàm đẹp A.I\nQuay phim: Quay video HD\nQuay video Full HD\n]', 'Hệ điều hành & CPU: [Hệ điều hành: Android 12\nVi xử lý: Helio G35\nVi xử lý đồ họa (GPU): IMG PowerVR GE8320\nTốc độ CPU: Octa-core (4x2.3 GHz Cortex-A53 & 4x1.8 GHz Cortex-A53)\n]', 'Bộ nhớ & Lưu trữ: [RAM: 3GB\nBộ nhớ trong: 64GB\nThẻ nhớ ngoài: Hỗ trợ thẻ nhớ tối đa 1TB\nBộ nhớ còn lại (khả dụng): 50 GB\n]', 'Kết nối: [Số khe SIM: Dual nano-SIM\nĐịnh vị: Có\nBluetooth: V5.3\nJack tai nghe: 3.5mm\nCổng kết nối/sạc: Micro USB\nKết nối khác: OTG\nCảm biến: Cảm biến vân tay (cạnh bên)\nCảm biến tiệm cận\nCảm biến ánh sáng\nCảm biến gia tốc kế\nLa bàn số\nWi-Fi: Wi-Fi 802.11 a/b/g/n/ac\nMạng di động: 4G\nKết Nối NFC: Không\n]', 'Thiết kế - trọng lượng: [Thiết kế: Nguyên khối\nChất liệu: Khung & Mặt lưng nhựa\nTrọng lượng: 189g\nKích thước: 164.2mm x 75.6mm x 8.3mm\n]', 'Pin & Sạc: [Dung lượng pin sản phẩm: 5000mAh\nHỗ trợ sạc tối đa: 10W\nLoại pin: Li-Po\nCông nghệ pin: Sạc 10 W\n]', 'Tiện ích: [Kháng nước, kháng bụi: IPX4\nTính năng đặc biệt: Ứng dụng kép (Nhân bản ứng dụng)\nĐa cửa sổ (chia đôi màn hình)\nTối ưu game (Game Turbo)\nTrợ lý ảo Google Assistant\nThu nhỏ màn hình sử dụng một tay\nMở rộng bộ nhớ RAM\nCử chỉ màn hình tắt\nChế độ đơn giản (Giao diện đơn giản)\nChế độ trẻ em (Không gian trẻ em)\nChặn tin nhắn\nChặn cuộc gọi\nChạm 2 lần tắt/sáng màn hình\nBảo mật sinh trắc học: Mở khoá vân tay cạnh viền, Mở khoá khuôn mặt\n]', 'Thông tin chung: [Thời điểm ra mắt: 10/2022\nSản phẩm bao gồm: Hộp, Sách hướng dẫn, Cây lấy sim, Ốp lưng, Cáp microUSB, Củ sạc nhanh rời đầu Type A\n]']"
https://hoanghamobile.com/dien-thoai-di-dong/oppo-a77s-8gb-128gb-chinh-hang,Oppo A77s 8GB/128GB - Chính hãng,"6,290,000 ₫","['Màu: Xanh - Giá: 5,090,000 ₫', 'Màu: Màu Đen - Giá: 5,090,000 ₫']","['Màn hình: [Kích thước màn hình: 6.56""\nCông nghệ màn hình: LCD\nĐộ phân giải: 1612 x 720\nTần số quét (Hz): 90Hz\nĐộ sáng màn hình: 600nits\n]', 'Camera sau: [Tính năng: Điều chỉnh khẩu độ\nZoom kỹ thuật số\nXóa phông\nTrôi nhanh thời gian (Time Lapse)\nToàn cảnh (Panorama)\nSiêu độ phân giải\nQuay chậm (Slow Motion)\nNhãn dán (AR Stickers)\nLàm đẹp\nHDR\nGoogle Lens\nChụp bằng cử chỉ\nChuyên nghiệp (Pro)\nBộ lọc màu\nBan đêm (Night Mode)\nAI Camera\nĐèn Flash: Có\nĐộ phân giải camera: 50 MP ( f/1.8) x 2 MP (f/2.4)\nQuay phim: HD 720p@30fps\nFullHD 1080p@30fps\n]', 'Camera trước: [Độ phân giải camera: 8 MP\nTính năng: Xóa phông\nTrôi nhanh thời gian (Time Lapse)\nToàn cảnh (Panorama)\nNhãn dán (AR Stickers)\nLàm đẹp\nHDR\nChụp đêm\nChụp bằng cử chỉ\nBộ lọc màu\nQuay phim: Quay video HD\nQuay video Full HD\n]', 'Hệ điều hành & CPU: [Hệ điều hành: Android 12\nVi xử lý: Snapdragon 680\nVi xử lý đồ họa (GPU): Adreno 610\nTốc độ CPU: Octa-core (4x2.4 GHz Kryo 265 Gold & 4x1.9 GHz Kryo 265 Silver)\n]', 'Bộ nhớ & Lưu trữ: [Bộ nhớ trong: 128GB\nThẻ nhớ ngoài: Hỗ trợ thẻ nhớ tối đa 1TB\nRAM: 8GB\nBộ nhớ còn lại (khả dụng): 113 GB\n]', 'Kết nối: [Số khe SIM: Dual nano-SIM + 1 thẻ nhớ\nĐịnh vị: Có\nBluetooth: V5.0\nJack tai nghe: 3.5mm\nCổng kết nối/sạc: Type-C\nKết nối khác: OTG\nWi-Fi: 802.11 a/b/g/n/ac\nMạng di động: 4G\nCảm biến: Cảm biến vân tay cạnh bên\nCảm biến gia tốc\nCảm biến tiệm cận\nCảm biến ánh sáng\nLa bàn\nCảm biến áp kế\nCảm biến trọng lực\nKết Nối NFC: Không\n]', 'Thiết kế - trọng lượng: [Thiết kế: Nguyên khối\nChất liệu: Khung nhựa & Mặt lưng thuỷ tinh hữu cơ\nKích thước: 163.4mm x 75.03mm x 7.99mm\nTrọng lượng: 187g\n]', 'Pin & Sạc: [Dung lượng pin sản phẩm: 5000mAh\nHỗ trợ sạc tối đa: 33W\nLoại pin: Li-Po\nCông nghệ pin: Tiết kiệm pin\nSạc siêu nhanh SuperVOOC\nSiêu tiết kiệm pin\n]', 'Tiện ích: [Kháng nước, kháng bụi: IPX4\nTính năng đặc biệt: Cảm biến vân tay (cạnh bên)\nCảm biến tiệm cận\nCảm biến ánh sáng\nCảm biến gia tốc kế\nLa bàn số\nBảo mật sinh trắc học: Mở khoá vân tay cạnh viền, Mở khoá khuôn mặt\n]', 'Thông tin chung: [Thời điểm ra mắt: 10/2022\nSản phẩm bao gồm: Hộp, Sách hướng dẫn, Cây lấy sim, Ốp lưng, Cáp Type C, Củ sạc rời đầu Type A\n]']"
https://hoanghamobile.com/dien-thoai-di-dong/oppo-reno10-5g-8gb-128gb-chinh-hang,Điện thoại OPPO Reno10 5G (8GB/128GB),"9,990,000 ₫","['Màu: Xanh Dương - Giá: 7,890,000 ₫']","['Màn hình: [Công nghệ màn hình: AMOLED\nĐộ phân giải: 2412 x 1080\nKích thước màn hình: 6.7""\nTần số quét (Hz): 120Hz\nĐộ sáng màn hình: 950nits\n]', 'Camera sau: [Tính năng: Chụp ảnh, quay video, chụp đêm, chân dung, chụp chuyên gia, super text, panorama, Google Lens, chụp chế độ dễ thương, video kép, chất lượng hình ảnh siêu sắc nét, chế độ dày pixel, time-lapse, slow motion\nQuay phim: 4K@30fps, 1080P@60fps/30fps, và 720P@60fps/30fps.\nVideo OIS hỗ trợ EIS.\nChụp ảnh siêu ổn định chỉ hỗ trợ EIS 1080P@60fps.\nVideo zoom hỗ trợ 1080P@30fps và 720P@30fps.\nSlow-motion video hỗ trợ 1080P@120fps/480fps, và 720P@240fps/960fps.\nTime-lapse hỗ trợ 1080P@30fps.\nVideo kép hỗ trợ 1080P@30fps.\nĐèn Flash: Có\nĐộ phân giải camera: 64MP (f/1.7) x 32MP (f/2.0) x 8MP (f/2.2)\n]', 'Camera trước: [Độ phân giải camera: 32MP; f/2.4; FOV 89°; ống kính 5P lens, không hỗ trợ AF hay OIS\nTính năng: Chụp ảnh, quay video, panorama, chân dung, chụp đêm, chỉnh sửa chân dung, flash toàn màn hình, chụp chế độ dễ thương, time-lapse, video kép và tính năng khác.\n]', 'Hệ điều hành & CPU: [Hệ điều hành: Android 13\nVi xử lý: MediaTek Dimensity 7050\nVi xử lý đồ họa (GPU): ARM Mail-G68 MC4\nTốc độ CPU: Octa-core (2x2.6 GHz Cortex-A78 & 6x2.0 GHz Cortex-A55)\n]', 'Bộ nhớ & Lưu trữ: [RAM: 8GB\nThẻ nhớ ngoài: Có hỗ trợ\nBộ nhớ trong: 128GB\n]', 'Kết nối: [Mạng di động: 5G\nSố khe SIM: 2 nano SIM\nBluetooth: V5.3\nCổng kết nối/sạc: Type-C\nJack tai nghe: Type-C\nKết nối khác: OTG\nĐang cập nhật\nHồng ngoại\nWi-Fi: Wi-Fi 6 (802.11ax), Wi-Fi 5 (802.11ac), và 802.11a/b/g/n/\nCảm biến: Cảm biến vân tay trong màn hình\nCảm biến gia tốc\nCảm biến tiệm cận\nCảm biến ánh sáng\nLa bàn\nCon quay hồi chuyển\nCảm biến áp kế\nĐịnh vị: GPS\nGLONASS\nBDS\nGalileo\nQZSS\nKết Nối NFC: Có\n]', 'Thiết kế - trọng lượng: [Thiết kế: Nguyên khối\nChất liệu: Khung hợp kim & Mặt lưng thuỷ tinh hữu cơ\nKích thước: 162.43mm x 74.19mm x 7.99mm\nTrọng lượng: 185g\n]', 'Pin & Sạc: [Dung lượng pin sản phẩm: 5000mAh\nHỗ trợ sạc tối đa: 67W\nLoại pin: Li-Po\nCông nghệ pin: Sạc nhanh SUPERVOOCTM 67W\nSUPERVOOCTM 2.0\nSUPERVOOCTM\nVOOC 3.0, PD3.0（9V/2A）\n]', 'Tiện ích: [Bảo mật sinh trắc học: Cảm biến vân tay trong màn hình. Nhận diện khuôn mặt 2D\nKháng nước, kháng bụi: IPX4\nTính năng đặc biệt: Ứng dụng kép (Nhân bản ứng dụng)\nĐa cửa sổ (chia đôi màn hình)\nTrợ lý ảo Google Assistant\nMở rộng bộ nhớ RAM\nMàn hình luôn hiển thị AOD\nLoa kép\nKhoá ứng dụng\nHDR10+\nCử chỉ thông minh\nCử chỉ màn hình tắt\nChế độ đơn giản (Giao diện đơn giản)\nChế độ trẻ em (Không gian trẻ em)\n]', 'Thông tin chung: [Thời điểm ra mắt: 08/2023\nSản phẩm bao gồm: Điện thoại, Sạc, Cáp USB, Dụng cụ lấy SIM, Hướng dẫn nhanh, Hướng dẫn an toàn, Ốp lưng\n]']"
https://hoanghamobile.com/dien-thoai-di-dong/oppo-reno10-5g-chinh-hang,Điện thoại OPPO Reno10 5G (8GB/256GB),"10,490,000 ₫","['Màu: Xanh Dương - Giá: 8,990,000 ₫', 'Màu: Xám - Giá: 8,990,000 ₫']","['Màn hình: [Công nghệ màn hình: AMOLED\nĐộ phân giải: 2412 x 1080\nKích thước màn hình: 6.7""\nTần số quét (Hz): 120Hz\nĐộ sáng màn hình: 950nits\n]', 'Camera sau: [Tính năng: Chụp ảnh, quay video, chụp đêm, chân dung, chụp chuyên gia, super text, panorama, Google Lens, chụp chế độ dễ thương, video kép, chất lượng hình ảnh siêu sắc nét, chế độ dày pixel, time-lapse, slow motion\nQuay phim: 4K@30fps, 1080P@60fps/30fps, và 720P@60fps/30fps.\nVideo OIS hỗ trợ EIS.\nChụp ảnh siêu ổn định chỉ hỗ trợ EIS 1080P@60fps.\nVideo zoom hỗ trợ 1080P@30fps và 720P@30fps.\nSlow-motion video hỗ trợ 1080P@120fps/480fps, và 720P@240fps/960fps.\nTime-lapse hỗ trợ 1080P@30fps.\nVideo kép hỗ trợ 1080P@30fps.\nĐèn Flash: Có\nĐộ phân giải camera: 64MP (f/1.7) + 32MP (f/2.0) + 8MP (f/2.2)\n]', 'Camera trước: [Độ phân giải camera: 32MP; f/2.4; FOV 89°; ống kính 5P lens, không hỗ trợ AF hay OIS\nTính năng: Chụp ảnh, quay video, panorama, chân dung, chụp đêm, chỉnh sửa chân dung, flash toàn màn hình, chụp chế độ dễ thương, time-lapse, video kép và tính năng khác.\n]', 'Hệ điều hành & CPU: [Hệ điều hành: Android 13\nVi xử lý: MediaTek Dimensity 7050\nVi xử lý đồ họa (GPU): ARM Mail-G68 MC4\nTốc độ CPU: Octa-core (2x2.6 GHz Cortex-A78 & 6x2.0 GHz Cortex-A55)\n]', 'Bộ nhớ & Lưu trữ: [Bộ nhớ trong: 256GB\nRAM: 8GB\nThẻ nhớ ngoài: Có hỗ trợ\n]', 'Kết nối: [Mạng di động: 5G\nSố khe SIM: 2 nano SIM\nBluetooth: V5.3\nCổng kết nối/sạc: Type-C\nJack tai nghe: Type-C\nKết nối khác: OTG\nĐang cập nhật\nHồng ngoại\nWi-Fi: Wi-Fi 6 (802.11ax), Wi-Fi 5 (802.11ac), và 802.11a/b/g/n/\nCảm biến: Cảm biến vân tay trong màn hình\nCảm biến gia tốc\nCảm biến tiệm cận\nCảm biến ánh sáng\nLa bàn\nCon quay hồi chuyển\nCảm biến áp kế\nĐịnh vị: GPS\nGLONASS\nBDS\nGalileo\nQZSS\nKết Nối NFC: Có\n]', 'Thiết kế - trọng lượng: [Kích thước: 162.43mm x 74.19mm x 7.99mm\nThiết kế: Nguyên khối\nChất liệu: Khung hợp kim & Mặt lưng thuỷ tinh hữu cơ\nTrọng lượng: 185g\n]', 'Pin & Sạc: [Dung lượng pin sản phẩm: 5000mAh\nHỗ trợ sạc tối đa: 67W\nLoại pin: Li-Po\nCông nghệ pin: Sạc nhanh SUPERVOOCTM 67W\nSUPERVOOCTM 2.0\nSUPERVOOCTM\nVOOC 3.0, PD3.0（9V/2A）\n]', 'Tiện ích: [Bảo mật sinh trắc học: Cảm biến vân tay trong màn hình. Nhận diện khuôn mặt 2D\nKháng nước, kháng bụi: IPX4\nTính năng đặc biệt: Ứng dụng kép (Nhân bản ứng dụng)\nĐa cửa sổ (chia đôi màn hình)\nTrợ lý ảo Google Assistant\nMở rộng bộ nhớ RAM\nMàn hình luôn hiển thị AOD\nLoa kép\nKhoá ứng dụng\nHDR10+\nCử chỉ thông minh\nCử chỉ màn hình tắt\nChế độ đơn giản (Giao diện đơn giản)\nChế độ trẻ em (Không gian trẻ em)\n]', 'Thông tin chung: [Thời điểm ra mắt: 08/2023\nSản phẩm bao gồm: Điện thoại, Sạc, Cáp USB, Dụng cụ lấy SIM, Hướng dẫn nhanh, Hướng dẫn an toàn, Ốp lưng\n]']"
https://hoanghamobile.com/dien-thoai/oppo-a3-8gb-256gb,OPPO A3 8GB/256GB,"6,490,000 ₫","['Màu: Đen Thạch Anh - Giá: 5,690,000 ₫', 'Màu: Trắng Ánh Sao - Giá: 5,690,000 ₫']","['Màn hình: [Tần số quét (Hz): 90Hz\nCông nghệ màn hình: LCD\nKích thước màn hình: 6.67""\nĐộ sáng màn hình: 1000nits\nĐộ phân giải: 720 x 1604\n]', 'Camera sau: [Quay phim: HD 720p@30fps\nFullHD 1080p@30fps\nTính năng: Xóa phông\nTự động lấy nét (AF)\nTrôi nhanh thời gian (Time Lapse)\nToàn cảnh (Panorama)\nLàm đẹp\nChuyên nghiệp (Pro)\nBan đêm (Night Mode)\nĐèn Flash: Có\nĐộ phân giải camera: 50MP (f/1.8)\n]', 'Camera trước: [Độ phân giải camera: 5 MP\nTính năng: Xóa phông\nToàn cảnh (Panorama)\nNhãn dán (AR Stickers)\nLàm đẹp A.I\n]', 'Hệ điều hành & CPU: [Hệ điều hành: Android 14\nVi xử lý: Snapdragon 6s 4G Gen1\nVi xử lý đồ họa (GPU): Adreno 610\nTốc độ CPU: Octa-core (2x2.2 GHz Cortex-A76 & 6x2.0 GHz Cortex-A55)\n]', 'Bộ nhớ & Lưu trữ: [RAM: 8GB\nThẻ nhớ ngoài: MicroSD, hỗ trợ tối đa 1 TB\nBộ nhớ trong: 256GB\n]', 'Kết nối: [Số khe SIM: 2 Nano SIM\nBluetooth: V5.0\nCổng kết nối/sạc: Type-C\nJack tai nghe: 3.5 mm\nKết nối khác: OTG\nĐịnh vị: Có\nWi-Fi: 2.4G/5G, 802.11 a/b/g/n/ac\nCảm biến: Cảm biến vân tay (cạnh viền)\nCảm biến tiệm cận\nCảm biến ánh sáng\nCảm biến gia tốc kế\nLa bàn số\nMạng di động: 4G\nKết Nối NFC: Không\n]', 'Thiết kế - trọng lượng: [Thiết kế: Nguyên khối\nTrọng lượng: 186g\nKích thước: 165.7mm x 76mm x 7.68mm\nChất liệu: Khung nhựa & Mặt lưng thuỷ tinh hữu cơ\n]', 'Pin & Sạc: [Dung lượng pin sản phẩm: 5100mAh\nLoại pin: Li-Po\nCông nghệ pin: Tiết kiệm pin\nSạc siêu nhanh SuperVOOC\nHỗ trợ sạc tối đa: 45W\n]', 'Tiện ích: [Tính năng đặc biệt: Ứng dụng kép (Nhân bản ứng dụng)\nKháng nước, kháng bụi: IP54\nBảo mật sinh trắc học: Mở khoá vân tay cạnh viền\nMở khoá khuôn mặt\n]', 'Thông tin chung: [Thời điểm ra mắt: 08/2024\nSản phẩm bao gồm: OPPO A3, Củ sạc siêu nhanh SuperVOOC 45W, Không tai nghe, Dụng cụ lấy SIM, Sách hướng dẫn, Miếng dán màn hình (Đã dán sẵn), Vỏ bảo vệ\n]']"
https://hoanghamobile.com/dien-thoai/oppo-a3-6gb-128gb,OPPO A3 6GB/128GB,"4,990,000 ₫","['Màu: Tím Ánh Sao - Giá: 4,390,000 ₫', 'Màu: Đen Thạch Anh - Giá: 4,390,000 ₫']","['Màn hình: [Tần số quét (Hz): 90Hz\nCông nghệ màn hình: LCD\nKích thước màn hình: 6.67""\nĐộ sáng màn hình: 1000nits\nĐộ phân giải: 720 x 1604\n]', 'Camera sau: [Đèn Flash: Có\nĐộ phân giải camera: 50MP (f/1.8)\n]', 'Camera trước: [Độ phân giải camera: 5 MP\n]', 'Hệ điều hành & CPU: [Vi xử lý: Snapdragon 6s 4G Gen1\nVi xử lý đồ họa (GPU): Adreno 610\nHệ điều hành: Android 14\nTốc độ CPU: Octa-core (2x2.2 GHz Cortex-A76 & 6x2.0 GHz Cortex-A55)\n]', 'Bộ nhớ & Lưu trữ: [RAM: 6GB\nBộ nhớ trong: 128GB\nThẻ nhớ ngoài: Hỗ trợ thẻ nhớ tối đa 1TB\n]', 'Kết nối: [Số khe SIM: Dual nano-SIM + 1 thẻ nhớ\nWi-Fi: 2.4G/5G, 802.11 a/b/g/n/ac\nBluetooth: V5.0\nJack tai nghe: 3.5mm\nCảm biến: Cảm biến vân tay (cạnh viền)\nCảm biến tiệm cận\nCảm biến ánh sáng\nCảm biến gia tốc kế\nLa bàn số\nCổng kết nối/sạc: Type-C\nKết nối khác: OTG\nMạng di động: 4G\nĐịnh vị: Beidou\nGPS\nGLONASS\nGalileo\nQZSS\nKết Nối NFC: Không\n]', 'Thiết kế - trọng lượng: [Kích thước: 165.7mm x 76mm x 7.68mm\nTrọng lượng: 186g\nThiết kế: Nguyên khối\nChất liệu: Khung nhựa & Mặt lưng thuỷ tinh hữu cơ\n]', 'Pin & Sạc: [Dung lượng pin sản phẩm: 5100mAh\nLoại pin: Li-Po\nCông nghệ pin: Siêu sạc nhanh SUPERVOOC 45W\nHỗ trợ sạc tối đa: 45W\n]', 'Tiện ích: [Kháng nước, kháng bụi: IP54\nBảo mật sinh trắc học: Mở khoá vân tay cạnh viền\nMở khoá khuôn mặt\nTính năng đặc biệt: Ứng dụng kép (Nhân bản ứng dụng)\n]', 'Thông tin chung: [Thời điểm ra mắt: 08/2024\nSản phẩm bao gồm: OPPO A3, Củ sạc siêu nhanh SuperVOOC 45W, Không tai nghe, Dụng cụ lấy SIM, Sách hướng dẫn, Miếng dán màn hình (Đã dán sẵn), Vỏ bảo vệ\n]']"
https://hoanghamobile.com/dien-thoai/oppo-a38-6gb-128gb,Điện thoại OPPO A38 6GB/128GB,,"['Màu: Đen - Giá: 3,790,000 ₫', 'Màu: Vàng Đồng - Giá: Liên hệ']","['Màn hình: [Kích thước màn hình: 6.56""\nCông nghệ màn hình: LCD\nTần số quét (Hz): 90Hz\nĐộ phân giải: 720 x 1612\nĐộ sáng màn hình: 720nits\n]', 'Camera sau: [Đèn Flash: Có\nĐộ phân giải camera: 50 MP (f/1.8) + 2 MP (f/2.4)\n]', 'Camera trước: [Độ phân giải camera: 5 MP\n]', 'Hệ điều hành & CPU: [Hệ điều hành: Android 13\nVi xử lý đồ họa (GPU): ARM Mali G52 MP2\nVi xử lý: Helio G85\nTốc độ CPU: Octa-core (2x2.0 GHz Cortex-A75 & 6x1.8 GHz Cortex-A55)\n]', 'Bộ nhớ & Lưu trữ: [Bộ nhớ trong: 128GB\nRAM: 6GB\nThẻ nhớ ngoài: Hỗ trợ thẻ nhớ tối đa 1TB\n]', 'Kết nối: [Số khe SIM: Dual nano-SIM + 1 thẻ nhớ\nWi-Fi: 2.4G/5G, 802.11 a/b/g/n/ac\nĐịnh vị: GPS\nBluetooth: V5.3\nCổng kết nối/sạc: Type-C\nJack tai nghe: 3.5 mm\nCảm biến: Cảm biến vân tay (cạnh viền)\nCảm biến tiệm cận\nCảm biến ánh sáng\nCảm biến gia tốc kế\nLa bàn số\nKết nối khác: OTG\nRadio FM\nVOLTE\nMạng di động: 4G\nKết Nối NFC: Không\n]', 'Thiết kế - trọng lượng: [Kích thước: 163.74mm x 75.03mm x 8.16mm\nTrọng lượng: 190g\nThiết kế: Nguyên khối\nChất liệu: Khung nhựa & Mặt lưng thuỷ tinh hữu cơ\n]', 'Pin & Sạc: [Dung lượng pin sản phẩm: 5000mAh\nLoại pin: Li-Po\nCông nghệ pin: Sạc nhanh 33W\nHỗ trợ sạc tối đa: 33W\n]', 'Tiện ích: [Kháng nước, kháng bụi: IP54\nBảo mật sinh trắc học: Mở khoá vân tay cạnh viền\nMở khoá khuôn mặt\nTính năng đặc biệt: Ứng dụng kép (Nhân bản ứng dụng)\nĐa cửa sổ (chia đôi màn hình)\nTrợ lý ảo Google Assistant\nThu nhỏ màn hình sử dụng một tay\nMở rộng bộ nhớ RAM\nKhoá ứng dụng\nDCI-P3\nCử chỉ thông minh\nCử chỉ màn hình tắt\nChế độ đơn giản (Giao diện đơn giản)\nChế độ trẻ em (Không gian trẻ em)\nChạm 2 lần tắt/sáng màn hình\n]', 'Thông tin chung: [Thời điểm ra mắt: 09/2023\nSản phẩm bao gồm: OPPO A38, Củ sạc siêu nhanh SuperVOOC 45W, Không tai nghe, Dụng cụ lấy SIM, Sách hướng dẫn, Miếng dán màn hình (Đã dán sẵn), Vỏ bảo vệ\n]']"
https://hoanghamobile.com/dien-thoai/oppo-reno12-5g,Điện thoại OPPO Reno12 5G (12GB/256GB),"12,490,000 ₫","['Màu: Nâu - Giá: 11,490,000 ₫', 'Màu: Màu bạc - Giá: 11,490,000 ₫']","['Màn hình: [Tần số quét (Hz): 120Hz\nCông nghệ màn hình: AMOLED\nĐộ phân giải: 2412 x 1080\nKích thước màn hình: 6.7""\nĐộ sáng màn hình: 1200nits\n]', 'Camera sau: [Quay phim: HD 720p@60fps\nHD 720p@30fps\nHD 720p@120fps\nFullHD 1080p@60fps\nFullHD 1080p@30fps\nTính năng: Xóa phông\nXoá vật thể AI\nTách nền AI\nTrôi nhanh thời gian (Time Lapse)\nToàn cảnh (Panorama)\nSiêu cận (Macro)\nQuét tài liệu\nQuay video hiển thị kép\nQuay chậm (Slow Motion)\nNhãn dán (AR Stickers)\nLàm đẹp AI\nHDR\nGóc siêu rộng (Ultrawide)\nGoogle Lens\nChuyên nghiệp (Pro)\nBan đêm (Night Mode)\nAI Studio\nĐèn Flash: Có\nĐộ phân giải camera: 50MP (f/1.8) + 8MP (f/2.2) + 2MP (f/2.4)\n]', 'Camera trước: [Độ phân giải camera: 32MP\nF/2.0\nTính năng: Xóa phông\nTrôi nhanh thời gian (Time Lapse)\nToàn cảnh (Panorama)\nNhãn dán (AR Stickers)\nLàm đẹp A.I\nFlash màn hình\nChụp đêm\n]', 'Hệ điều hành & CPU: [Hệ điều hành: Android 14\nVi xử lý: Dimensity 7300-Energy 5G\nVi xử lý đồ họa (GPU): ARM Mali-G615\nTốc độ CPU: Octa-core (4x2.5 GHz Cortex-A78 & 4x2.0 GHz Cortex-A55)\n]', 'Bộ nhớ & Lưu trữ: [RAM: 12GB\nBộ nhớ trong: 256GB\nThẻ nhớ ngoài: Hỗ trợ thẻ nhớ tối đa 1TB\nBộ nhớ còn lại (khả dụng): 236 GB\n]', 'Kết nối: [Cảm biến: Cảm biến vân tay (dưới màn hình)\nCảm biến tiệm cận\nCảm biến ánh sáng\nCảm biến gia tốc kế\nLa bàn số\nSố khe SIM: Dual nano-SIM hoặc 1 nano-SIM+1 thẻ nhớ\nBluetooth: V5.4\nCổng kết nối/sạc: Type-C\nJack tai nghe: Type-C\nKết nối khác: OTG\nRadio FM\nLoa\nĐang cập nhật\nWi-Fi: 802.11 a/b/g/n/ac/ax\nMạng di động: 5G\nĐịnh vị: GPS\nGLONASS\nBDS\nGalileo\nQZSS\nKết Nối NFC: Có\n]', 'Thiết kế - trọng lượng: [Kích thước: 161.4mm x 74.1mm x 7.6mm\nTrọng lượng: 177g\nThiết kế: Nguyên khối\nChất liệu: Khung nhựa & Mặt lưng thuỷ tinh hữu cơ\n]', 'Pin & Sạc: [Dung lượng pin sản phẩm: 5000mAh\nHỗ trợ sạc tối đa: 80W\nLoại pin: Li-Po\nCông nghệ pin: Tiết kiệm pin, Sạc siêu nhanh SuperVOOC\n]', 'Tiện ích: [Kháng nước, kháng bụi: IP65\nTính năng đặc biệt: Ứng dụng kép (Nhân bản ứng dụng)\nDCI-P3\nCử chỉ thông minh\nBảo mật sinh trắc học: Mở khoá vân tay dưới màn hình, Mở khoá khuôn mặt\n]', 'Thông tin chung: [Thời điểm ra mắt: 07/2024\nSản phẩm bao gồm: OPPO RENO12, Cáp USB Type C, Củ sạc superVOOC 80W, Không tai nghe, Dụng cụ lấy SIM, Sách hướng dẫn, Miếng dán màn hình (Đã dán sẵn), Vỏ bảo vệ\n]']"
https://hoanghamobile.com/dien-thoai/oppo-a58-8gb-128gb,Điện thoại OPPO A58 8GB/128GB,"5,490,000 ₫","['Màu: Xanh - Giá: 4,890,000 ₫', 'Màu: Màu Đen - Giá: 4,890,000 ₫']","['Màn hình: [Công nghệ màn hình: LTPS LCD\nĐộ phân giải: 2412 x 1080\nKích thước màn hình: 6.72""\nTần số quét (Hz): 60Hz\nĐộ sáng màn hình: 680nits\n]', 'Camera sau: [Quay phim: HD 720p@30fps\nFullHD 1080p@30fps\nTính năng: Xóa phông\nTự động lấy nét (AF)\nTrôi nhanh thời gian (Time Lapse)\nToàn cảnh (Panorama)\nNhãn dán (AR Stickers)\nLàm đẹp\nHiệu ứng Bokeh\nChuyên nghiệp (Pro)\nBan đêm (Night Mode)\nĐèn Flash: Có\nĐộ phân giải camera: 50 MP (f/1.8) + 2 MP (f/2.4)\n]', 'Camera trước: [Độ phân giải camera: 8 MP\nTính năng: Xóa phông\nTrôi nhanh thời gian (Time Lapse)\nToàn cảnh (Panorama)\nQuay video HD\nQuay video Full HD\nNhãn dán (AR Stickers)\nLàm đẹp A.I\n]', 'Hệ điều hành & CPU: [Hệ điều hành: Android 13\nVi xử lý đồ họa (GPU): ARM Mali G52 MP2\nVi xử lý: Helio G85\nTốc độ CPU: Octa-core (2x2.0 GHz Cortex-A75 & 6x1.8 GHz Cortex-A55)\n]', 'Bộ nhớ & Lưu trữ: [RAM: 8GB\nThẻ nhớ ngoài: MicroSD, hỗ trợ tối đa 1 TB\nBộ nhớ trong: 128GB\nBộ nhớ còn lại (khả dụng): 106 GB\n]', 'Kết nối: [Bluetooth: V5.3\nCổng kết nối/sạc: Type-C\nSố khe SIM: Dual nano-SIM + 1 thẻ nhớ\nĐịnh vị: Có\nCảm biến: Cảm biến vân tay (cạnh viền)\nCảm biến tiệm cận\nCảm biến ánh sáng\nCảm biến gia tốc kế\nLa bàn số\nKết nối khác: OTG\nJack tai nghe: 3.5mm\nWi-Fi: 802.11 a/b/g/n/ac\nMạng di động: 4G\nKết Nối NFC: Không\n]', 'Thiết kế - trọng lượng: [Thiết kế: Nguyên khối\nChất liệu: Khung hợp kim & Mặt lưng thuỷ tinh hữu cơ\nTrọng lượng: 192g\nKích thước: 165.65mm x 75.98mm x 7.99mm\n]', 'Pin & Sạc: [Dung lượng pin sản phẩm: 5000mAh\nLoại pin: Li-Po\nHỗ trợ sạc tối đa: 33W\nCông nghệ pin: Sạc siêu nhanh SuperVOOC\n]', 'Tiện ích: [Tính năng đặc biệt: Ứng dụng kép (Nhân bản ứng dụng)\nMở rộng bộ nhớ RAM\nLoa kép\nCử chỉ thông minh\nBảo mật sinh trắc học: Mở khoá vân tay cạnh viền, Mở khoá khuôn mặt\nKháng nước, kháng bụi: IP54\n]', 'Thông tin chung: [Thời điểm ra mắt: 08/2023\nSản phẩm bao gồm: OPPO A58, Cáp USB Type-C, Củ Sạc SUPERVOOC 33W, Không tai nghe, Dụng cụ lấy SIM, Sách hướng dẫn, Miếng dán màn hình (Đã dán sẵn), Vỏ bảo vệ\n]']"
https://hoanghamobile.com/dien-thoai/oppo-a79-5g-8gb-256gb,OPPO A79 5G 8GB/256GB,"7,990,000 ₫","['Màu: Màu Đen - Giá: 6,790,000 ₫', 'Màu: Màu Tím - Giá: 6,790,000 ₫']","['Màn hình: [Kích thước màn hình: 6.72""\nTần số quét (Hz): 90Hz\nCông nghệ màn hình: LCD LTPS\nĐộ phân giải: 2400 x 1080\nĐộ sáng màn hình: 680nits\n]', 'Camera sau: [Tính năng: Xóa phông\nTự động lấy nét (AF)\nTrôi nhanh thời gian (Time Lapse)\nToàn cảnh (Panorama)\nSiêu độ phân giải\nQuét tài liệu\nQuét mã QR\nQuay chậm (Slow Motion)\nNhãn dán (AR Stickers)\nLàm đẹp\nHDR\nGoogle Lens\nChụp hẹn giờ\nChuyên nghiệp (Pro)\nBộ lọc màu\nBan đêm (Night Mode)\nAI Camera\nĐèn Flash: Có\nĐộ phân giải camera: 50 MP (f/1.8) + 2 MP (f/2.4)\nQuay phim: HD 720p@30fps\nFullHD 1080p@30fps\n]', 'Camera trước: [Độ phân giải camera: 8 MP\nTính năng: Xóa phông\nTrôi nhanh thời gian (Time Lapse)\nToàn cảnh (Panorama)\nNhãn dán (AR Stickers)\nLàm đẹp\nHDR\nChụp đêm\nChụp hẹn giờ\nBộ lọc màu\nQuay phim: Quay video HD\nQuay video Full HD\n]', 'Hệ điều hành & CPU: [Vi xử lý: Dimensity 6020 5G\nVi xử lý đồ họa (GPU): ARM Mali-G57 MC2\nHệ điều hành: Android 13\nTốc độ CPU: Octa-core (2x2.2 GHz Cortex-A76 & 6x2.0 GHz Cortex-A55)\n]', 'Bộ nhớ & Lưu trữ: [RAM: 8GB\nBộ nhớ trong: 256GB\nThẻ nhớ ngoài: Hỗ trợ thẻ nhớ tối đa 1TB\nBộ nhớ còn lại (khả dụng): 241 GB\n]', 'Kết nối: [Số khe SIM: Dual nano-SIM hoặc 1 NanoSIM + 1 thẻ nhớ\nBluetooth: V5.3\nĐịnh vị: Có\nJack tai nghe: 3.5mm\nCảm biến: Cảm biến tiệm cận\nCảm biến ánh sáng\nCảm biến gia tốc kế\nLa bàn số\nKết nối khác: OTG\nCổng kết nối/sạc: Type-C\nWi-Fi: 802.11 a/b/g/n/ac/\nMạng di động: 4G\nKết Nối NFC: Có\n]', 'Thiết kế - trọng lượng: [Trọng lượng: 193g\nKích thước: Đen: 165.6mm x 76mm x 7.99mm\nTím: 165.6mm x 76mm x 8.04mm\nThiết kế: Nguyên khối\nChất liệu: Khung hợp kim & Mặt lưng thuỷ tinh hữu cơ\n]', 'Pin & Sạc: [Dung lượng pin sản phẩm: 5000mAh\nHỗ trợ sạc tối đa: 33W\nLoại pin: Li-Po\nCông nghệ pin: Tiết kiệm pin\nSạc siêu nhanh SuperVOOC\nSiêu tiết kiệm pin\n]', 'Tiện ích: [Kháng nước, kháng bụi: IPX4\nTính năng đặc biệt: Đa cửa sổ (chia đôi màn hình)\nTối ưu game (Không gian trò chơi)\nThu nhỏ màn hình sử dụng một tay\nThanh bên thông minh\nMở rộng bộ nhớ RAM\nLoa kép\nKhông gian trẻ em\nKhoá ứng dụng\nDCI-P3\nCử chỉ màn hình tắt\nChế độ đơn giản (Giao diện đơn giản)\nChặn tin nhắn\nChặn cuộc gọi\nChạm 2 lần tắt/sáng màn hình\nBảo mật sinh trắc học: Mở khoá vân tay cạnh viền, Mở khoá khuôn mặt\n]', 'Thông tin chung: [Thời điểm ra mắt: 11/2023\nSản phẩm bao gồm: OPPO A79, Củ sạc siêu nhanh SuperVOOC 45W, Không tai nghe, Dụng cụ lấy SIM, Sách hướng dẫn, Miếng dán màn hình (Đã dán sẵn), Vỏ bảo vệ\n]']"
https://hoanghamobile.com/dien-thoai-di-dong/oppo-a18-4gb-128gb-chinh-hang,Điện thoại OPPO A18 4GB/128GB,"3,290,000 ₫","['Màu: Xanh - Giá: 3,190,000 ₫', 'Màu: Màu Đen - Giá: 3,190,000 ₫']","['Màn hình: [Công nghệ màn hình: IPS LCD\nĐộ phân giải: 1612 x 720\nKích thước màn hình: 6.56""\nĐộ sáng màn hình: 720nits\nTần số quét (Hz): 90Hz\n]', 'Camera sau: [Quay phim: HD 720p@30fpsFullHD 1080p@30fps\nTính năng: Trôi nhanh thời gian (Time Lapse)\nXóa phông\nBan đêm (Night Mode)\nChuyên nghiệp (Pro)\nLàm đẹp\nNhãn dán (AR Stickers)\nGoogle Lens\nBộ lọc màu\nĐèn Flash: Có\nĐộ phân giải camera: 8 MP (f/2.0) + 2 MP (f/2.4)\n]', 'Camera trước: [Độ phân giải camera: 5 MP\nTính năng: Làm đẹp\nToàn cảnh (Panorama)\nNhãn dán (AR Stickers)\nXóa phông\nBộ lọc màu\n]', 'Hệ điều hành & CPU: [Hệ điều hành: Android 13\nVi xử lý: MediaTek Helio G85\nVi xử lý đồ họa (GPU): ARM Mali-G52 MP2\nTốc độ CPU: Octa-core (2x2.0 GHz Cortex-A75 & 6x1.8 GHz Cortex-A55)\n]', 'Bộ nhớ & Lưu trữ: [RAM: 4GB\nThẻ nhớ ngoài: MicroSD, hỗ trợ tối đa 1 TB\nBộ nhớ trong: 128GB\n]', 'Kết nối: [Số khe SIM: 2 Nano SIM\nĐịnh vị: BEIDOU\nQZSS\nGPS\nGLONASS\nGALILEO\nBluetooth: V5.3\nCổng kết nối/sạc: Type-C\nJack tai nghe: 3.5 mm\nKết nối khác: OTG\nWi-Fi: Wi-Fi 802.11 a/b/g/n/ac\nMạng di động: 4G\nCảm biến: Cảm biến vân tay cạnh bên\nCảm biến gia tốc\nCảm biến ánh sáng\nLa bàn\nCảm biến áp kế\nKết Nối NFC: Không\n]', 'Thiết kế - trọng lượng: [Kích thước: 163.74mm x 75.03mm x 8.16mm\nTrọng lượng: 188g\nThiết kế: Nguyên khối\nChất liệu: Khung nhựa & Mặt lưng thuỷ tinh hữu cơ\n]', 'Pin & Sạc: [Dung lượng pin sản phẩm: 5000mAh\nLoại pin: Li-Po\nHỗ trợ sạc tối đa: 10W\nCông nghệ pin: Tiết kiệm pin\n]', 'Tiện ích: [Bảo mật sinh trắc học: Mở khoá vân tay cạnh viền\nTính năng đặc biệt: Cử chỉ thông minhỨng dụng kép (Nhân bản ứng dụng)\nKháng nước, kháng bụi: IP54\n]', 'Thông tin chung: [Thời điểm ra mắt: 10/2023\nSản phẩm bao gồm: Ốp lưng, Sách hướng dẫn, Hộp, Cây lấy sim, Củ sạc rời đầu Type A, Cáp Type C\n]']"
https://hoanghamobile.com/dien-thoai/oppo-reno12-f-5g,Điện thoại OPPO Reno12 F 5G (8GB/256GB),"9,490,000 ₫","['Màu: Xanh - Giá: 8,290,000 ₫', 'Màu: Màu Cam - Giá: 8,290,000 ₫']","['Màn hình: [Kích thước màn hình: 6.7""\nĐộ sáng màn hình: 1200nits\nTần số quét (Hz): 120Hz\nĐộ phân giải: 2400 x 1080\nCông nghệ màn hình: AMOLED\n]', 'Camera sau: [Đèn Flash: Có\nĐộ phân giải camera: 50MP (f/1.8) + 8MP (f/2.2) + 2MP (f/2.4)\n]', 'Camera trước: [Độ phân giải camera: 32MP\nQuay phim: F/2.4\n]', 'Hệ điều hành & CPU: [Hệ điều hành: Android 14\nVi xử lý đồ họa (GPU): ARM Mali-G57 MC2\nVi xử lý: Dimensity 6300\nTốc độ CPU: Octa-core (2x2.4 GHz Cortex-A76 & 6x2.0 GHz Cortex-A55)\n]', 'Bộ nhớ & Lưu trữ: [Bộ nhớ trong: 256GB\nRAM: 8GB\nThẻ nhớ ngoài: Hỗ trợ thẻ nhớ tối đa 2TB\n]', 'Kết nối: [Jack tai nghe: Type-C\nSố khe SIM: Dual nano-SIM hoặc 1 nano-SIM+1 thẻ nhớ\nBluetooth: V5.3\nCổng kết nối/sạc: Type-C\nKết nối khác: OTG\nĐang cập nhật\nWi-Fi: 802.11 a/b/g/n/ac/ax\nCảm biến: Cảm biến địa từ\nCảm biến ánh sáng\nCảm biến tiệm cận\nCảm biến quang học trong màn hình\nCảm biến gia tốc\nCảm biến trọng lực\nCon quay hồi chuyển\nChức năng ghi bước\nMạng di động: 5G\nĐịnh vị: GPS\nGLONASS\nBDS\nGalileo\nQZSS\nKết Nối NFC: Có\n]', 'Thiết kế - trọng lượng: [Kích thước: 163.05mm x 75.75mm x 7.76mm\nTrọng lượng: 187g\nThiết kế: Nguyên khối\nChất liệu: Khung nhựa & Mặt lưng thuỷ tinh hữu cơ\n]', 'Pin & Sạc: [Dung lượng pin sản phẩm: 5000mAh\nHỗ trợ sạc tối đa: 45W\nLoại pin: Li-Po\nCông nghệ pin: Sạc nhanh 45W\n]', 'Tiện ích: [Kháng nước, kháng bụi: IP64\nBảo mật sinh trắc học: Cảm biến vân tay (dưới màn hình)\nCảm biến tiệm cận\nCảm biến ánh sáng\nCảm biến gia tốc kế\nLa bàn số\nTính năng đặc biệt: Ứng dụng kép (Nhân bản ứng dụng)\nĐa cửa sổ (chia đôi màn hình)\nTrợ lý ảo Google Assistant\nThu nhỏ màn hình sử dụng một tay\nThanh bên thông minh\nMở rộng bộ nhớ RAM\nMàn hình luôn hiển thị AOD\nKhoá ứng dụng\nDCI-P3\nCửa sổ nổi\nCử chỉ thông minh\nCử chỉ màn hình tắt\nCử chỉ không chạm\nChế độ đơn giản (Giao diện đơn giản)\nChế độ trẻ em (Không gian trẻ em)\nChạm 2 lần tắt/sáng màn hình\n]', 'Thông tin chung: [Thời điểm ra mắt: 07/2024\nSản phẩm bao gồm: OPPO RENO12F, Cáp USB Type C, Củ sạc superVOOC 45W, Không tai nghe, Dụng cụ lấy SIM, Sách hướng dẫn, Miếng dán màn hình (Đã dán sẵn), Vỏ bảo vệ\n]']"
https://hoanghamobile.com/dien-thoai-di-dong/oppo-a58-6gb-128gb-chinh-hang,Điện thoại OPPO A58 (6GB/128GB),"4,990,000 ₫","['Màu: Xanh - Giá: 4,390,000 ₫', 'Màu: Màu Đen - Giá: 4,390,000 ₫']","['Màn hình: [Kích thước màn hình: 6.72""\nCông nghệ màn hình: LCD\nĐộ phân giải: 2400 x 1080\nTần số quét (Hz): 60Hz\nĐộ sáng màn hình: 680nits\n]', 'Camera sau: [Tính năng: Xóa phông\nTự động lấy nét (AF)\nTrôi nhanh thời gian (Time Lapse)\nToàn cảnh (Panorama)\nNhãn dán (AR Stickers)\nLàm đẹp\nHiệu ứng Bokeh\nHDR\nGoogle Lens\nChuyên nghiệp (Pro)\nBộ lọc màu\nBan đêm (Night Mode)\nĐèn Flash: Có\nĐộ phân giải camera: 50 MP (f/1.8) x 2 MP (f/2.4)\nQuay phim: FullHD 1080p@30fps\nHD 720p@30fps\n]', 'Camera trước: [Độ phân giải camera: 8 MP\nTính năng: Xóa phông\nTrôi nhanh thời gian (Time Lapse)\nToàn cảnh (Panorama)\nQuay video HD\nQuay video Full HD\nNhãn dán (AR Stickers)\nLàm đẹp A.I\nHDR\nFlash màn hình\nBộ lọc màu\nQuay phim: Quay video HD\nQuay video Full HD\n]', 'Hệ điều hành & CPU: [Hệ điều hành: Android 13\nVi xử lý: Helio G85\nVi xử lý đồ họa (GPU): ARM Mali G52 MP2\nTốc độ CPU: Octa-core (2x2.0 GHz Cortex-A75 & 6x1.8 GHz Cortex-A55)\n]', 'Bộ nhớ & Lưu trữ: [RAM: 6GB\nBộ nhớ trong: 128GB\nThẻ nhớ ngoài: Hỗ trợ thẻ nhớ tối đa 1TB\nBộ nhớ còn lại (khả dụng): 106 GB\n]', 'Kết nối: [Wi-Fi: 2.4G/5G, 802.11 a/b/g/n/ac\nSố khe SIM: Dual nano-SIM + 1 thẻ nhớ\nĐịnh vị: Có\nBluetooth: V5.3\nKết nối khác: OTG\nJack tai nghe: 3.5mm\nCổng kết nối/sạc: Type-C\nMạng di động: 4G\nCảm biến: Cảm biến vân tay cạnh bên\nKết Nối NFC: Không\n]', 'Thiết kế - trọng lượng: [Thiết kế: Nguyên khối\nChất liệu: Khung hợp kim & Mặt lưng thuỷ tinh hữu cơ\nKích thước: 165.65mm x 75.98mm x 7.99mm\nTrọng lượng: 192g\n]', 'Pin & Sạc: [Dung lượng pin sản phẩm: 5000mAh\nCông nghệ pin: Siêu sạc nhanh SUPERVOOC\nHỗ trợ sạc tối đa: 33W\nLoại pin: Li-Po\n]', 'Tiện ích: [Tính năng đặc biệt: Cảm biến vân tay (cạnh viền)\nCảm biến tiệm cận\nCảm biến ánh sáng\nCảm biến gia tốc kế\nLa bàn số\nIP54\nLoa kép\nKháng nước, kháng bụi: IP54\nBảo mật sinh trắc học: Mở khoá vân tay cạnh viền, Mở khoá khuôn mặt\n]', 'Thông tin chung: [Thời điểm ra mắt: 08/2023\nSản phẩm bao gồm: OPPO A58, Cáp USB Type-C, Củ Sạc SUPERVOOC 33W, Không tai nghe, Dụng cụ lấy SIM, Sách hướng dẫn, Miếng dán màn hình (Đã dán sẵn), Vỏ bảo vệ\n]']"
https://hoanghamobile.com/dien-thoai-di-dong/oppo-find-n2-flip,Điện thoại OPPO Find N2 Flip,"19,990,000 ₫","['Màu: Màu Đen - Giá: 16,490,000 ₫', 'Màu: Tím Đam Mê - Giá: 16,490,000 ₫']","['Màn hình: [Công nghệ màn hình: AMOLED\nTần số quét (Hz): 120Hz\nKích thước màn hình: Chính 6.8"" & Phụ 3.26""\nĐộ phân giải: MH Chính: 2520 x 1080\nMH Phụ: 720 x 382\nĐộ sáng màn hình: MHChính:1200nits\nMHPhụ:800nits\n]', 'Camera sau: [Quay phim: HD 720p@60fps\nHD 720p@30fps\nFullHD 1080p@60fps\nFullHD 1080p@30fps\n4K 2160p@30fps\nTính năng: Zoom quang học\nXóa phông\nTrôi nhanh thời gian (Time Lapse)\nToàn cảnh (Panorama)\nSiêu độ phân giải\nQuay chậm (Slow Motion)\nNhãn dán (AR Stickers)\nLàm đẹp\nHDR\nChuyên nghiệp (Pro)\nBộ lọc màu\nBan đêm (Night Mode)\nAI Camera\nĐèn Flash: Có\nĐộ phân giải camera: 50 MP (f/1.8) x 2 MP (f/2.2)\n]', 'Camera trước: [Độ phân giải camera: 32 MP\nTính năng: Xóa phông\nTrôi nhanh thời gian (Time Lapse)\nNhãn dán (AR Stickers)\nChụp đêm\nBộ lọc màu\nA.I Camera\nQuay phim: Quay video HD\nQuay video Full HD\n]', 'Hệ điều hành & CPU: [Vi xử lý: MediaTek Dimensity 9000\nHệ điều hành: Android 13\nVi xử lý đồ họa (GPU): ARM Mali-G710 MC10\nTốc độ CPU: Octa-core (1x3.20 GHz Cortex-X2 & 3x2.85 GHz Cortex-A710 & 4x1.80 GHz Cortex-A510)\n]', 'Bộ nhớ & Lưu trữ: [RAM: 8GB\nBộ nhớ trong: 256GB\nBộ nhớ còn lại (khả dụng): 241 GB\nThẻ nhớ ngoài: Không hỗ trợ thẻ nhớ\n]', 'Kết nối: [Cổng kết nối/sạc: Type-C\nSố khe SIM: 2 SIM (Nano-SIM)\nBluetooth: V5.3\nWi-Fi: 802.11 a/b/g/n/ac/6\nKết nối khác: OTG\nJack tai nghe: Type-C\nMạng di động: 5G\nCảm biến: Cảm biến vân tay cạnh bên\nCảm biến gia tốc\nCảm biến tiệm cận\nCảm biến ánh sáng\nLa bàn\nCon quay hồi chuyển\nCảm biến áp kế\nĐịnh vị: GPS\nGLONASS\nBDS\nGALILEO\nQZSS\nKết Nối NFC: Có\n]', 'Thiết kế - trọng lượng: [Thiết kế: Nguyên khối\nChất liệu: Khung hợp kim & Mặt lưng kính cường lực Gorilla Glass 5\nKích thước: 166.2mm x 75.2mm x 7.5mm\nTrọng lượng: 191g\n]', 'Pin & Sạc: [Dung lượng pin sản phẩm: 4300mAh\nLoại pin: Li-Po\nHỗ trợ sạc tối đa: 44W\nCông nghệ pin: Sạc pin nhanh\n]', 'Tiện ích: [Kháng nước, kháng bụi: IPX4\nBảo mật sinh trắc học: Mở khoá vân tay cạnh viền, Mở khoá khuôn mặt\nTính năng đặc biệt: Ứng dụng kép (Nhân bản ứng dụng)\nĐa cửa sổ (chia đôi màn hình)\nThu nhỏ màn hình sử dụng một tay\nMở rộng bộ nhớ RAM\nCử chỉ thông minh\nChế độ trẻ em (Không gian trẻ em)\n]', 'Thông tin chung: [Sản phẩm bao gồm: Hộp, Sách hướng dẫn, Cây lấy sim, Ốp lưng, Cáp Type C, Củ sạc nhanh rời đầu Type A\nThời điểm ra mắt: 03/2023\n]']"
