url,item_name,colors,prices,origin_price,renew_value,technical_infomation
https://hoanghamobile.com/dien-thoai/samsung-galaxy-z-fold6-12gb-1tb,Samsung Galaxy Z Fold6 12GB/1TB,"Xanh,Xám,Hồng","52,990,000 ₫,52,990,000 ₫,52,990,000 ₫","54,990,000 ₫",0,"<Màn hình>|Công nghệ màn hình: Dynamic AMOLED 2X|Kích thước màn hình: MH chính: 7.6""
MH phụ: 6.3""|Độ sáng màn hình: 2600nits|Tần số quét (Hz): 1-120Hz|Độ phân giải: MH chính: 2160 x 1856
MH phụ: 2376 x 968|<Màn hình><Camera sau>|Quay phim: UHD 8K (7680 x 4320)@30fps|Tính năng: AI Camera với công nghệ ProVisual Engine (AI Zoom, Chụp chân dung AI)
Tính năng chụp đêm Nightography
Zoom quang học 3x
Zoom kỹ thuật số 30x|Đèn Flash: Có|Độ phân giải camera: 50 MP (f/1.8) + 12 MP (f/2.2) + 10 MP (f/2.4)|<Camera sau><Camera trước>|Độ phân giải camera: Camera trước ở màn hình phụ: 10 MP
Camera ẩn dưới màn hình: 4 MP|Tính năng: Xóa phông
Các tính năng chụp hình thông minh khác|<Camera trước><Hệ điều hành & CPU>|Hệ điều hành: Android 14|Vi xử lý đồ họa (GPU): Adreno 750|Vi xử lý: Snapdragon 8 Gen 3|Tốc độ CPU: 8-core (1x3.39GHz Cortex-X4 & 3x3.1GHz Cortex-A720 & 2x2.9GHz Cortex-A720 & 2x2.2GHz Cortex-A520)|<Hệ điều hành & CPU><Bộ nhớ & Lưu trữ>|RAM: 12GB|Bộ nhớ trong: 1TB|Bộ nhớ còn lại (khả dụng): 927.9GB|Thẻ nhớ ngoài: Không hỗ trợ thẻ nhớ|<Bộ nhớ & Lưu trữ><Kết nối>|Số khe SIM: Dual Nano-sim/ hoặc 01 Nano-sim + 01 E-sim|Bluetooth: V5.3|Cổng kết nối/sạc: Type C|Jack tai nghe: Không|Kết nối khác: Samsung Dex, OTG, Smart Switch|Wi-Fi: 802.11a/b/g/n/ac/ax|Cảm biến: Gia tốc
Áp suất kế
Cảm biến vân tay
Cảm biến Gyro
Cảm biến Geomagnetic
Cảm biến Hall
Cảm biến ánh sáng
Cảm biến tiệm cận|Mạng di động: 5G|Định vị: GPS
Glonass
Beidou
Galileo|Kết Nối NFC: Có|<Kết nối><Thiết kế - trọng lượng>|Trọng lượng: 239g|Thiết kế: Nguyên khối
Màn hình gập
Tản Nhiệt Buồng Hơi|Chất liệu: Chất liệu khung viền: Armor aluminum
Chất liệu mặt lưng máy: Gorilla Glass Victus 2|Kích thước: 153.5mm x 132.6mm x 5.6mm|<Thiết kế - trọng lượng><Pin & Sạc>|Dung lượng pin sản phẩm: 4400mAh|Hỗ trợ sạc tối đa: 25W|Công nghệ pin: Sạc không dây
Sạc pin nhanh
Tiết kiệm pin|Loại pin: Li-Ion|<Pin & Sạc><Tiện ích>|Tính năng đặc biệt: Hỗ trợ S-Pen
Chạm 2 lần sáng màn hình, Âm thanh AKG|Kháng nước, kháng bụi: IPX8|Bảo mật sinh trắc học: Mở khoá vân tay cạnh viền
Mở khoá khuôn mặt|<Tiện ích><Thông tin chung>|Thời điểm ra mắt: 07/2024|Sản phẩm bao gồm: Cáp Type C, Cây lấy sim, Hộp, Sách hướng dẫn|<Thông tin chung>"
https://hoanghamobile.com/dien-thoai/samsung-galaxy-z-fold6-12gb-512gb,Samsung Galaxy Z Fold6 12GB/512GB,"Xanh,Xám,Hồng","35,890,000 ₫,35,890,000 ₫,35,890,000 ₫","47,990,000 ₫",0,"<Màn hình>|Công nghệ màn hình: Dynamic AMOLED 2X|Kích thước màn hình: MH chính: 7.6""
MH phụ: 6.3""|Độ sáng màn hình: 2600nits|Tần số quét (Hz): 1-120Hz|Độ phân giải: MH chính: 2160 x 1856
MH phụ: 2376 x 968|<Màn hình><Camera sau>|Tính năng: AI Camera với công nghệ ProVisual Engine (AI Zoom, Chụp chân dung AI)
Tính năng chụp đêm Nightography
Zoom quang học 3x
Zoom kỹ thuật số 30x|Quay phim: UHD 8K (7680 x 4320)@30fps|Đèn Flash: Có|Độ phân giải camera: 50 MP (f/1.8) + 12 MP (f/2.2) + 10 MP (f/2.4)|<Camera sau><Camera trước>|Độ phân giải camera: Camera trước ở màn hình phụ: 10 MP
Camera ẩn dưới màn hình: 4 MP|Tính năng: Xóa phông
Các tính năng chụp hình thông minh khác|<Camera trước><Hệ điều hành & CPU>|Hệ điều hành: Android 14|Vi xử lý đồ họa (GPU): Adreno 750|Vi xử lý: Snapdragon 8 Gen 3|Tốc độ CPU: 8-core (1x3.39GHz Cortex-X4 & 3x3.1GHz Cortex-A720 & 2x2.9GHz Cortex-A720 & 2x2.2GHz Cortex-A520)|<Hệ điều hành & CPU><Bộ nhớ & Lưu trữ>|RAM: 12GB|Bộ nhớ trong: 512GB|Bộ nhớ còn lại (khả dụng): 453.3GB|Thẻ nhớ ngoài: Không hỗ trợ thẻ nhớ|<Bộ nhớ & Lưu trữ><Kết nối>|Số khe SIM: Dual Nano-sim/ hoặc 01 Nano-sim + 01 E-sim|Bluetooth: V5.3|Cổng kết nối/sạc: Type C|Jack tai nghe: Không|Kết nối khác: Samsung Dex, OTG, Smart Switch|Wi-Fi: 802.11a/b/g/n/ac/ax|Cảm biến: Gia tốc
Áp suất kế
Cảm biến vân tay
Cảm biến Gyro
Cảm biến Geomagnetic
Cảm biến Hall
Cảm biến ánh sáng
Cảm biến tiệm cận|Mạng di động: 5G|Định vị: GPS
Glonass
Beidou
Galileo|Kết Nối NFC: Có|<Kết nối><Thiết kế - trọng lượng>|Trọng lượng: 239g|Thiết kế: Nguyên khối
Màn hình gập
Tản Nhiệt Buồng Hơi|Chất liệu: Chất liệu khung viền: Armor aluminum
Chất liệu mặt lưng máy: Gorilla Glass Victus 2|Kích thước: 153.5mm x 132.6mm x 5.6mm|<Thiết kế - trọng lượng><Pin & Sạc>|Dung lượng pin sản phẩm: 4400mAh|Hỗ trợ sạc tối đa: 25W|Loại pin: Li-Ion|Công nghệ pin: Sạc không dây
Sạc pin nhanh
Tiết kiệm pin|<Pin & Sạc><Tiện ích>|Tính năng đặc biệt: Hỗ trợ S-Pen
Chạm 2 lần sáng màn hình, Âm thanh AKG|Kháng nước, kháng bụi: IPX8|Bảo mật sinh trắc học: Mở khoá vân tay cạnh viền
Mở khoá khuôn mặt|<Tiện ích><Thông tin chung>|Thời điểm ra mắt: 07/2024|Sản phẩm bao gồm: Cáp Type C, Cây lấy sim, Hộp, Sách hướng dẫn|<Thông tin chung>"
https://hoanghamobile.com/dien-thoai/samsung-galaxy-z-fold6,Samsung Galaxy Z Fold6 12GB/256GB,"Xanh,Xám,Hồng","32,390,000 ₫,32,390,000 ₫,32,390,000 ₫","43,990,000 ₫",0,"<Màn hình>|Công nghệ màn hình: Dynamic AMOLED 2X|Kích thước màn hình: MH chính: 7.6""
MH phụ: 6.3""|Độ sáng màn hình: 2600nits|Tần số quét (Hz): 1-120Hz|Độ phân giải: MH chính: 2160 x 1856
MH phụ: 2376 x 968|<Màn hình><Camera sau>|Quay phim: UHD 8K (7680 x 4320)@30fps|Tính năng: AI Camera với công nghệ ProVisual Engine (AI Zoom, Chụp chân dung AI)
Tính năng chụp đêm Nightography
Zoom quang học 3x
Zoom kỹ thuật số 30x|Đèn Flash: Có|Độ phân giải camera: 50 MP (f/1.8) + 12 MP (f/2.2) + 10 MP (f/2.4)|<Camera sau><Camera trước>|Độ phân giải camera: Camera trước ở màn hình phụ: 10 MP
Camera ẩn dưới màn hình: 4 MP|Tính năng: Xóa phông
Các tính năng chụp hình thông minh khác|<Camera trước><Hệ điều hành & CPU>|Hệ điều hành: Android 14|Vi xử lý đồ họa (GPU): Adreno 750|Vi xử lý: Snapdragon 8 Gen 3|Tốc độ CPU: 8-core (1x3.39GHz Cortex-X4 & 3x3.1GHz Cortex-A720 & 2x2.9GHz Cortex-A720 & 2x2.2GHz Cortex-A520)|<Hệ điều hành & CPU><Bộ nhớ & Lưu trữ>|RAM: 12GB|Bộ nhớ còn lại (khả dụng): 216.1GB|Bộ nhớ trong: 256GB|Thẻ nhớ ngoài: Không hỗ trợ thẻ nhớ|<Bộ nhớ & Lưu trữ><Kết nối>|Số khe SIM: Dual Nano-sim/ hoặc 01 Nano-sim + 01 E-sim|Bluetooth: V5.3|Cổng kết nối/sạc: Type C|Jack tai nghe: Không|Kết nối khác: Samsung Dex, OTG, Smart Switch|Wi-Fi: 802.11a/b/g/n/ac/ax|Mạng di động: 5G|Cảm biến: Cảm biến gia tốc
Cảm biến tiệm cận
Cảm biến ánh sáng
La bàn
Cảm biến áp kế
Cảm biến trọng lực|Định vị: GPS
Glonass
Beidou
Galileo|Kết Nối NFC: Có|<Kết nối><Thiết kế - trọng lượng>|Trọng lượng: 239g|Thiết kế: Nguyên khối
Màn hình gập
Tản Nhiệt Buồng Hơi|Chất liệu: Chất liệu khung viền: Armor aluminum
Chất liệu mặt lưng máy: Gorilla Glass Victus 2|Kích thước: 153.5mm x 132.6mm x 5.6mm|<Thiết kế - trọng lượng><Pin & Sạc>|Công nghệ pin: Sạc không dây
Sạc pin nhanh
Tiết kiệm pin|Dung lượng pin sản phẩm: 4400mAh|Hỗ trợ sạc tối đa: 25W|Loại pin: Li-Ion|<Pin & Sạc><Tiện ích>|Tính năng đặc biệt: Hỗ trợ S-Pen
Chạm 2 lần sáng màn hình, Âm thanh AKG|Bảo mật sinh trắc học: Các tính năng Galaxy AI:
Khoanh Tròn Để Tìm Kiếm với Google
Trợ Lí Note Quyền Năng
Hậu Kì Sáng Tạo
Phiên Dịch Viên
Phác Họa Thông Minh|Kháng nước, kháng bụi: IPX8|<Tiện ích><Thông tin chung>|Thời điểm ra mắt: 07/2024|Sản phẩm bao gồm: Đầy đủ phụ kiện từ nhà sản xuất|<Thông tin chung>"
https://hoanghamobile.com/dien-thoai/samsung-galaxy-z-flip6,Samsung Galaxy Z Flip6 12GB/256GB,"Xanh blue,Xanh Green,Xám,Màu Vàng","20,990,000 ₫,20,990,000 ₫,20,990,000 ₫,20,990,000 ₫","28,990,000 ₫",0,"<Màn hình>|Tần số quét (Hz): 1-120Hz|Công nghệ màn hình: MH chính: Dynamic AMOLED 2X
MH phụ: Super AMOLED|Kích thước màn hình: MH chính: 6.7""
MH phụ: 3.4""|Độ sáng màn hình: 2600nits|Độ phân giải: MH chính: 2640 x 1080
MH phụ: 748 x 720|<Màn hình><Camera sau>|Quay phim: UHD 4K (3840 x 2160)@60fps|Tính năng: FlexCam Với Auto Zoom AI
Hậu Kỳ Sáng Tạo
ProVisual Engine
Super HDR / Super Night Video|Đèn Flash: Có|Độ phân giải camera: 50 MP (f/1.8) x 12 MP (f/2.2)|<Camera sau><Camera trước>|Độ phân giải camera: 10 MP|Tính năng: Xóa phông
Chế độ FlexCam
Các tính năng chụp hình thông minh khác|<Camera trước><Hệ điều hành & CPU>|Hệ điều hành: Android 14|Vi xử lý đồ họa (GPU): Adreno 750|Vi xử lý: Snapdragon 8 Gen 3|Tốc độ CPU: 8-core (1x3.39GHz Cortex-X4 & 3x3.1GHz Cortex-A720 & 2x2.9GHz Cortex-A720 & 2x2.2GHz Cortex-A520)|<Hệ điều hành & CPU><Bộ nhớ & Lưu trữ>|RAM: 12GB|Bộ nhớ trong: 256GB|Bộ nhớ còn lại (khả dụng): 216.6GB|Thẻ nhớ ngoài: Không hỗ trợ thẻ nhớ|<Bộ nhớ & Lưu trữ><Kết nối>|Số khe SIM: 1 Nano-sim & 1 E-sim
2 E-sim|Bluetooth: V5.3|Cổng kết nối/sạc: Type C|Jack tai nghe: Không|Kết nối khác: OTG, Smart Switch|Wi-Fi: 802.11a/b/g/n/ac/ax|Cảm biến: Gia tốc
Áp suất kế
Cảm biến vân tay
Cảm biến Gyro
Cảm biến Geomagnetic
Cảm biến Hall
Cảm biến ánh sáng
Cảm biến tiệm cận|Mạng di động: 5G|Định vị: GPS
Glonass
Beidou
Galileo|Kết Nối NFC: Có|<Kết nối><Thiết kế - trọng lượng>|Thiết kế: Nguyên khối
Màn hình gập
Tản Nhiệt Buồng Hơi Đầu Tiên Trên Dòng Z Flip|Chất liệu: Chất liệu khung viền: Armor aluminum
Chất liệu mặt lưng máy: Gorilla Glass Victus 2|Kích thước: Khi mở: 165.1mm x 71.9mm x 6.9mm
Khi gập: 85.1mm x 71.9mm x 14.9mm|Trọng lượng: 187g|<Thiết kế - trọng lượng><Pin & Sạc>|Dung lượng pin sản phẩm: 4000mAh|Hỗ trợ sạc tối đa: 25W|Công nghệ pin: Sạc không dây
Sạc pin nhanh
Tiết kiệm pin|Loại pin: Li-Ion|<Pin & Sạc><Tiện ích>|Bảo mật sinh trắc học: Mở khoá vân tay cạnh viền
Nhận diện khuôn mặt|Tính năng đặc biệt: Các tính năng Galaxy AI:
FlexCam Với Auto Zoom AI
Khoanh Tròn Để Tìm Kiếm với Google
Hậu Kỳ Sáng Tạo
Phiên Dịch Viên
Cá Nhân Hóa Màn Hình Ngoài FlexWindow Với Galaxy AI|Kháng nước, kháng bụi: IPX8|<Tiện ích><Thông tin chung>|Thời điểm ra mắt: 07/2024|Sản phẩm bao gồm: Điện thoại thông minh, Cáp truyền dữ liệu, Que lấy sim|<Thông tin chung>"
https://hoanghamobile.com/dien-thoai/samsung-galaxy-z-flip6-12gb-512gb,Samsung Galaxy Z Flip6 12GB/512GB,"Xanh blue,Xanh Green,Xám,Màu Vàng","23,990,000 ₫,23,990,000 ₫,23,990,000 ₫,23,990,000 ₫","32,990,000 ₫",0,"<Màn hình>|Tần số quét (Hz): 1-120Hz|Công nghệ màn hình: MH chính: Dynamic AMOLED 2X
MH phụ: Super AMOLED|Kích thước màn hình: MH chính: 6.7""
MH phụ: 3.4""|Độ sáng màn hình: 2600nits|Độ phân giải: MH chính: 2640 x 1080
MH phụ: 748 x 720|<Màn hình><Camera sau>|Tính năng: FlexCam Với Auto Zoom AI
Hậu Kỳ Sáng Tạo
ProVisual Engine
Super HDR / Super Night Video|Quay phim: UHD 4K (3840 x 2160)@60fps|Đèn Flash: Có|Độ phân giải camera: 50 MP (f/1.8) x 12 MP (f/2.2)|<Camera sau><Camera trước>|Độ phân giải camera: 10 MP|Tính năng: Xóa phông
Chế độ FlexCam
Các tính năng chụp hình thông minh khác|<Camera trước><Hệ điều hành & CPU>|Hệ điều hành: Android 14|Vi xử lý đồ họa (GPU): Adreno 750|Vi xử lý: Snapdragon 8 Gen 3|Tốc độ CPU: 8-core (1x3.39GHz Cortex-X4 & 3x3.1GHz Cortex-A720 & 2x2.9GHz Cortex-A720 & 2x2.2GHz Cortex-A520)|<Hệ điều hành & CPU><Bộ nhớ & Lưu trữ>|RAM: 12GB|Bộ nhớ trong: 512GB|Bộ nhớ còn lại (khả dụng): 453.7 GB|Thẻ nhớ ngoài: Không hỗ trợ thẻ nhớ|<Bộ nhớ & Lưu trữ><Kết nối>|Số khe SIM: 1 Nano-sim & 1 E-sim
2 E-sim|Bluetooth: V5.3|Cổng kết nối/sạc: Type C|Jack tai nghe: Không|Kết nối khác: OTG, Smart Switch|Wi-Fi: 802.11a/b/g/n/ac/ax|Cảm biến: Gia tốc
Áp suất kế
Cảm biến vân tay
Cảm biến Gyro
Cảm biến Geomagnetic
Cảm biến Hall
Cảm biến ánh sáng
Cảm biến tiệm cận|Mạng di động: 5G|Định vị: GPS
Glonass
Beidou
Galileo|Kết Nối NFC: Có|<Kết nối><Thiết kế - trọng lượng>|Trọng lượng: 187g|Thiết kế: Nguyên khối
Màn hình gập
Tản Nhiệt Buồng Hơi Đầu Tiên Trên Dòng Z Flip|Chất liệu: Chất liệu khung viền: Armor aluminum
Chất liệu mặt lưng máy: Gorilla Glass Victus 2|Kích thước: Khi mở: 165.1mm x 71.9mm x 6.9mm
Khi gập: 85.1mm x 71.9mm x 14.9mm|<Thiết kế - trọng lượng><Pin & Sạc>|Dung lượng pin sản phẩm: 4000mAh|Hỗ trợ sạc tối đa: 25W|Công nghệ pin: Sạc không dây
Sạc pin nhanh
Tiết kiệm pin|Loại pin: Li-Ion|<Pin & Sạc><Tiện ích>|Tính năng đặc biệt: Các tính năng Galaxy AI:
FlexCam Với Auto Zoom AI
Khoanh Tròn Để Tìm Kiếm với Google
Hậu Kỳ Sáng Tạo
Phiên Dịch Viên
Cá Nhân Hóa Màn Hình Ngoài FlexWindow Với Galaxy AI|Bảo mật sinh trắc học: Mở khoá vân tay cạnh viền
Nhận diện khuôn mặt|Kháng nước, kháng bụi: IPX8|<Tiện ích><Thông tin chung>|Thời điểm ra mắt: 07/2024|Sản phẩm bao gồm: Điện thoại thông minh, Cáp truyền dữ liệu, Que lấy sim|<Thông tin chung>"
https://hoanghamobile.com/dien-thoai/samsung-galaxy-m54-5g-8gb-256gb,Samsung Galaxy M54 5G 8GB/256GB,"Xanh Dương Đậm,Bạc","6,290,000 ₫,6,290,000 ₫","8,990,000 ₫",0,"<Màn hình>|Công nghệ màn hình: Super AMOLED Plus|Tần số quét (Hz): 120Hz|Kích thước màn hình: 6.7""|Độ sáng màn hình: 850 nits|Độ phân giải: 1080 x 2400|<Màn hình><Camera sau>|Quay phim: HD 720p@240fps
FullHD 1080p@60fps
FullHD 1080p@30fps
4K 2160p@30fps|Đèn Flash: Có|Tính năng: Zoom kỹ thuật số
Xóa phông
Tự động lấy nét (AF)
Trôi nhanh thời gian (Time Lapse)
Toàn cảnh (Panorama)
Siêu cận (Macro)
Quay Siêu chậm (Super Slow Motion)
Quay chậm (Slow Motion)
Hiệu ứng Bokeh
Góc siêu rộng (Ultrawide)
Góc rộng (Wide)
Chống rung quang học (OIS)
Chuyên nghiệp (Pro)
Ban đêm (Night Mode)|Độ phân giải camera: Chính 108 MP & Phụ 8 MP, 2 MP|<Camera sau><Camera trước>|Độ phân giải camera: 32 MP|Quay phim: Quay video Full HD
Quay video 4K|Tính năng: Làm đẹp|<Camera trước><Hệ điều hành & CPU>|Hệ điều hành: Android 13|Tốc độ CPU: 4 nhân 2.4 GHz & 4 nhân 2 GHz|Vi xử lý: Exynos 1380 8 nhân|Vi xử lý đồ họa (GPU): Mali-G68 MP5|<Hệ điều hành & CPU><Bộ nhớ & Lưu trữ>|RAM: 8 GB|Thẻ nhớ ngoài: MicroSD, hỗ trợ tối đa 1 TB|Bộ nhớ trong: 256 GB|Bộ nhớ còn lại (khả dụng): 219.8 GB|<Bộ nhớ & Lưu trữ><Kết nối>|Số khe SIM: 2 Nano SIM (SIM 2 chung khe thẻ nhớ)|Bluetooth: v5.3|Cổng kết nối/sạc: Type-C|Jack tai nghe: Type-C|Kết nối khác: NFC|Kết Nối NFC: Có|Wi-Fi: Wi-Fi 6|Định vị: QZSS
NavIC
GPS
GLONASS
GALILEO
BEIDOU|Mạng di động: 5G|<Kết nối><Thiết kế - trọng lượng>|Thiết kế: Nguyên khối|Chất liệu: Khung & Mặt lưng nhựa|Trọng lượng: 199 g|Kích thước: 164.9 mm x 77.3 mm x 8.4 mm|<Thiết kế - trọng lượng><Pin & Sạc>|Dung lượng pin sản phẩm: 6000 mAh|Loại pin: Li-Po|Hỗ trợ sạc tối đa: 25 W|Công nghệ pin: Tiết kiệm pin
Sạc pin nhanh|<Pin & Sạc><Tiện ích>|Tính năng đặc biệt: Ứng dụng kép (Dual Messenger)
Đa cửa sổ (chia đôi màn hình)
Âm thanh Dolby Atmos
Vision Booster
Trợ lý ảo Samsung Bixby
Thu nhỏ màn hình sử dụng một tay
Mở rộng bộ nhớ RAM
Màn hình luôn hiển thị AOD
Không gian thứ hai (Thư mục bảo mật)
Chế độ đơn giản (Giao diện đơn giản)
Chế độ trẻ em (Samsung Kids)
Chặn cuộc gọi
Chạm 2 lần tắt/sáng màn hình|Bảo mật sinh trắc học: Mở khoá vân tay cạnh viền
Mở khoá khuôn mặt|<Tiện ích><Thông tin chung>|Thời điểm ra mắt: 11/2023|<Thông tin chung>"
https://hoanghamobile.com/dien-thoai/samsung-galaxy-a06-4gb-128gb,Samsung Galaxy A06 4GB/128GB,"Blue Black,Light Green,Light Blue","2,990,000 ₫,2,990,000 ₫,2,990,000 ₫","3,490,000 ₫",0,"<Màn hình>|Tần số quét (Hz): 60Hz|Kích thước màn hình: 6.7""|Công nghệ màn hình: PLS LCD|Độ phân giải: 720 x 1600|Độ sáng màn hình: 0|<Màn hình><Camera sau>|Quay phim: FHD (1920 x 1080)@60fps|Tính năng: Tự động lấy nét|Đèn Flash: Có|Độ phân giải camera: 50MP (f/1.8) + 2MP (f/2.4)|<Camera sau><Camera trước>|Độ phân giải camera: 8 MP|<Camera trước><Hệ điều hành & CPU>|Vi xử lý: MediaTek G85|Hệ điều hành: Android|Tốc độ CPU: Octa-core (2x2.0 GHz Cortex-A75 & 6x1.8 GHz Cortex-A55)|Vi xử lý đồ họa (GPU): ARM Mali-G52 MC2|<Hệ điều hành & CPU><Bộ nhớ & Lưu trữ>|RAM: 4GB|Bộ nhớ trong: 128GB|Thẻ nhớ ngoài: MicroSD (lên đến 1TB)|<Bộ nhớ & Lưu trữ><Kết nối>|Số khe SIM: 2 SIM (Nano-SIM)|Jack tai nghe: 3.5mm|Bluetooth: V5.3|Cổng kết nối/sạc: Type-C|Kết nối khác: Đang cập nhật|Wi-Fi: 802.11a/b/g/n/ac|Cảm biến: Cảm biến vân tay ở nút nguồn cạnh bên|Mạng di động: 4G|Định vị: GPS
Glonass
Beidou
Galileo|Kết Nối NFC: Không|<Kết nối><Thiết kế - trọng lượng>|Thiết kế: Nâng chuẩn trải nghiệm di động của bạn cùng Galaxy A06 mỏng nhẹ. Với độ dày giảm đáng kể từ 8.8mm đến 8.0mm, Galaxy A06 mang đến bạn một thiết kế thanh mảnh đầy tinh tế với các lựa chọn màu sắc Đen Tuyền, Xanh Băng và Xanh Ngọc. Khẳng định bản thân với thiết kế và màu sắc nổi bật|Kích thước: 167.3mm x 77.3mm x 8.0mm|Trọng lượng: 189g|Chất liệu: Khung & Mặt lưng nhựa|<Thiết kế - trọng lượng><Pin & Sạc>|Hỗ trợ sạc tối đa: 25W|Dung lượng pin sản phẩm: 5000mAh|Loại pin: Li-Po|Công nghệ pin: Sạc nhanh 25W|<Pin & Sạc><Tiện ích>|Tính năng đặc biệt: Samsung Knox Vault bảo mật gấp bội, nhờ phím khóa vật lý bảo vệ PINS, mật khẩu và các thông tin cá nhân khác để các tin tặc không thể tấn công|Kháng nước, kháng bụi: Đang cập nhật|Bảo mật sinh trắc học: Mở khoá vân tay cạnh viền
Mở khoá khuôn mặt|<Tiện ích><Thông tin chung>|Thời điểm ra mắt: 08/2024|Sản phẩm bao gồm: Hộp, Sách hướng dẫn, Cây lấy sim, Cáp Type C|<Thông tin chung>"
https://hoanghamobile.com/dien-thoai/samsung-galaxy-s25,Điện thoại Samsung Galaxy S mới 1 256GB,"Xanh Dương Đậm,Xanh Lá,Xám Bạc,Xanh dương nhạt","23,990,000 ₫,23,990,000 ₫,23,990,000 ₫,23,990,000 ₫","23,990,000 ₫",0,
https://hoanghamobile.com/dien-thoai/samsung-galaxy-s25-plus,Điện thoại Samsung Galaxy S mới 2 256GB,"Xanh Dương Đậm,Xanh Lá,Xanh Da Trời,Xám Bạc","27,990,000 ₫,27,990,000 ₫,27,990,000 ₫,27,990,000 ₫","27,990,000 ₫",0,
https://hoanghamobile.com/dien-thoai/samsung-galaxy-s24-fe-8gb-128gb,Samsung Galaxy S24 FE 8GB/128GB,"Xanh Dương,Đen,Xám,Xanh Lá","14,190,000 ₫,14,190,000 ₫,14,190,000 ₫,14,190,000 ₫","16,990,000 ₫",0,"<Màn hình>|Công nghệ màn hình: Dynamic AMOLED 2X|Độ sáng màn hình: 1900nits|Tần số quét (Hz): 120Hz|Kích thước màn hình: 6.7""|Độ phân giải: 1080 x 2340|<Màn hình><Camera sau>|Quay phim: 8K 4320p@30fps|Tính năng: Zoom quang học
Zoom kỹ thuật số
Xóa phông
Tự động lấy nét (AF)
Trôi nhanh thời gian (Time Lapse)
Toàn cảnh (Panorama)
Super HDR
Quay video hiển thị kép
Quay chậm (Slow Motion)
Góc siêu rộng (Ultrawide)
Chống rung quang học (OIS)
Chống rung kỹ thuật số (VDIS)
Ban đêm (Night Mode)
AI Camera|Đèn Flash: Có|Độ phân giải camera: 50 MP (f/1.8) + 12 MP (f/2.2) + 8 MP (f/2.4)|<Camera sau><Camera trước>|Độ phân giải camera: 10MP|Tính năng: Xóa phông
Làm đẹp|<Camera trước><Hệ điều hành & CPU>|Hệ điều hành: Android 14|Vi xử lý: Exynos 2400e 8 nhân|Tốc độ CPU: 10-core (1x3.1 GHz + 2x2.9 GHz + 3x2.6 GHz + 4x1.95 GHz)|Vi xử lý đồ họa (GPU): Xclipse 940|<Hệ điều hành & CPU><Bộ nhớ & Lưu trữ>|RAM: 8GB|Bộ nhớ trong: 128 GB|Bộ nhớ còn lại (khả dụng): 113 GB|Thẻ nhớ ngoài: Không hỗ trợ thẻ nhớ|<Bộ nhớ & Lưu trữ><Kết nối>|Số khe SIM: 2 Nano SIM hoặc 1 Nano SIM + 1 eSIM|Định vị: QZSS
GPS
GLONASS
GALILEO
BEIDOU|Bluetooth: V5.3|Cổng kết nối/sạc: Type-C|Jack tai nghe: Type-C|Kết nối khác: Đang cập nhật|Wi-Fi: Wi-Fi 802.11 a/b/g/n/ac/ax|Cảm biến: Cảm biến vân tay quang học|Mạng di động: 5G|Kết Nối NFC: Có|<Kết nối><Thiết kế - trọng lượng>|Thiết kế: Nguyên khối|Chất liệu: Khung kim loại & Mặt lưng kính|Kích thước: 162mm x 77.3mm x 8mm|Trọng lượng: 213g|<Thiết kế - trọng lượng><Pin & Sạc>|Dung lượng pin sản phẩm: 4700mAh|Loại pin: Li-Ion|Công nghệ pin: Tiết kiệm pin
Sạc pin nhanh
Sạc ngược không dây
Sạc không dây
Siêu tiết kiệm pin|Hỗ trợ sạc tối đa: 25 W|<Pin & Sạc><Tiện ích>|Bảo mật sinh trắc học: Mở khoá vân tay dưới màn hình
Mở khoá khuôn mặt|Tính năng đặc biệt: Âm thanh Dolby Audio
Âm thanh AKG
Vision Booster
Tản nhiệt buồng hơi
Trợ lý ảo Samsung Bixby
Trợ lý note thông minh
Trợ lý chat thông minh
Thu nhỏ màn hình sử dụng một tay
Samsung Pay
Samsung DeX (Kết nối màn hình sử dụng giao diện tương tự PC)
Ray Tracing
Phiên dịch viên
Phiên dịch trực tiếp
Màn hình luôn hiển thị AOD
Khoanh vùng search đa năng
Chặn tin nhắn
Chặn cuộc gọi
Chạm 2 lần sáng màn hình|Kháng nước, kháng bụi: IP68|<Tiện ích><Thông tin chung>|Thời điểm ra mắt: 09/2024|Sản phẩm bao gồm: Điện thoại thông minh, Cáp truyền dữ liệu, Que lấy sim|<Thông tin chung>"
https://hoanghamobile.com/dien-thoai/samsung-galaxy-s25-ultra,Điện thoại Samsung Galaxy S mới 3 256GB,"Xanh Dương,Đen,Xám,Bạc","34,990,000 ₫,34,990,000 ₫,34,990,000 ₫,34,990,000 ₫","34,990,000 ₫",0,
https://hoanghamobile.com/dien-thoai/samsung-galaxy-s25-512gb,Điện thoại Samsung Galaxy S mới 1 512GB,"Xanh Dương Đậm,Xanh Lá,Xám Bạc,Xanh dương nhạt","27,490,000 ₫,27,490,000 ₫,27,490,000 ₫,27,490,000 ₫","27,490,000 ₫",0,
https://hoanghamobile.com/dien-thoai/samsung-galaxy-s25-plus-512gb,Điện thoại Samsung Galaxy S mới 2 512GB,"Xanh Dương Đậm,Xanh Lá,Xanh Da Trời,Xám Bạc","31,490,000 ₫,31,490,000 ₫,31,490,000 ₫,31,490,000 ₫","31,490,000 ₫",0,
https://hoanghamobile.com/dien-thoai/samsung-galaxy-s25-ultra-512gb,Điện thoại Samsung Galaxy S mới 3 512GB,"Xanh Dương,Đen,Xám,Bạc","38,490,000 ₫,38,490,000 ₫,38,490,000 ₫,38,490,000 ₫","38,490,000 ₫",0,
https://hoanghamobile.com/dien-thoai/samsung-galaxy-s25-ultra-1tb,Điện thoại Samsung Galaxy S mới 3 1TB,"Xanh Dương,Đen,Xám,Bạc","45,790,000 ₫,45,790,000 ₫,45,790,000 ₫,45,790,000 ₫","45,790,000 ₫",0,
https://hoanghamobile.com/dien-thoai/samsung-galaxy-a55-chinh-hang,Điện thoại Samsung Galaxy A55 - 8GB/128GB,"Xanh,Màu Đen,Màu Tím","8,490,000 ₫,8,490,000 ₫,8,490,000 ₫","9,990,000 ₫","7,990,000 ₫","<Màn hình>|Độ phân giải: 2400 x 1080|Kích thước màn hình: 6.6""|Công nghệ màn hình: Super AMOLED|Độ sáng màn hình: 1000nits|Tần số quét (Hz): 120Hz|<Màn hình><Camera sau>|Tính năng: Zoom kĩ thuật số 10x
Panorama
Macro
Xóa phông
Chế độ ban đêm
Chuyên nghiệp
Hyperlapse
Chuyển động siêu chậm
Tự động lấy nét|Đèn Flash: Có|Độ phân giải camera: 50MP (f/1.8) + 12MP (f/2.2) + 5MP (f/2.4)|Quay phim: 4K (3840 x 2160)@30fps
Quay chậm HD@240fps
Dual recording (quay cam trước & sau cùng lúc)|<Camera sau><Camera trước>|Độ phân giải camera: 32 MP|Tính năng: Làm đẹp|Quay phim: UHD 4K (3840 x 2160)@30fps
Quay chậm 240fps @HD
Dual recording (quay cam trước & sau cùng lúc)|<Camera trước><Hệ điều hành & CPU>|Vi xử lý: Exynos 1480|Vi xử lý đồ họa (GPU): AMD Titan 1WGP|Hệ điều hành: Android 14|Tốc độ CPU: Octa-core (4x2.75 GHz Cortex-A78 & 4x2.0 GHz Cortex-A55)|<Hệ điều hành & CPU><Bộ nhớ & Lưu trữ>|Thẻ nhớ ngoài: MicroSD 1 TB|RAM: 8GB|Bộ nhớ trong: 128GB|Bộ nhớ còn lại (khả dụng): 109 GB|<Bộ nhớ & Lưu trữ><Kết nối>|Bluetooth: V5.3|Cổng kết nối/sạc: Type-C|Jack tai nghe: Type-C|Kết nối khác: Đang cập nhật|Số khe SIM: 1 SIM + 1 khe phụ (SIM/thẻ nhớ) hoặc eSim|Wi-Fi: 802.11 a/b/g/n/ac/ax|Cảm biến: Gia tốc
Cảm biến vân tay
Cảm biến Gyro
Cảm biến Geomagnetic
Cảm biến Hall
Cảm biến ánh sáng
Cảm biến tiệm cận ảo|Mạng di động: 5G|Định vị: GPS
Glonass
Beidou
Galileo
QZSS|Kết Nối NFC: Có|<Kết nối><Thiết kế - trọng lượng>|Trọng lượng: 213g|Kích thước: 161.1mm x 77.4mm x 8.2mm|Chất liệu: Khung kim loại & Mặt lưng kính|Thiết kế: Nguyên khối|<Thiết kế - trọng lượng><Pin & Sạc>|Dung lượng pin sản phẩm: 5000mAh|Loại pin: Li-Po|Hỗ trợ sạc tối đa: 25W|Công nghệ pin: Sạc nhanh|<Pin & Sạc><Tiện ích>|Bảo mật sinh trắc học: Khuôn mặt
Vân tay dưới màn hình|Kháng nước, kháng bụi: IP67|Tính năng đặc biệt: Khoanh tròn để tìm kiếm
Có ứng dụng ghi âm
Ghi âm cuộc gọi
Hỗ trợ radio FM|<Tiện ích><Thông tin chung>|Thời điểm ra mắt: 03/2024|Sản phẩm bao gồm: Hộp, Sách hướng dẫn, Cây lấy sim, Cáp Type C|<Thông tin chung>"
https://hoanghamobile.com/dien-thoai/samsung-galaxy-a35-chinh-hang,Điện thoại Samsung Galaxy A35 - 8GB/128GB,"Xanh,Màu Đen,Màu Vàng","6,990,000 ₫,6,990,000 ₫,6,990,000 ₫","8,290,000 ₫","6,490,000 ₫","<Màn hình>|Độ phân giải: 2340 x 1080|Kích thước màn hình: 6.6""|Công nghệ màn hình: Super AMOLED|Độ sáng màn hình: 1000nits|Tần số quét (Hz): 120Hz|<Màn hình><Camera sau>|Tính năng: Zoom kĩ thuật số 10x
Panorama
Macro
Xóa phông
Chế độ ban đêm
Chuyên nghiệp
Hyperlapse
Chuyển động siêu chậm
Tự động lấy nét inch|Đèn Flash: Có|Độ phân giải camera: 50MP (f/1.8) + 8MP (f/2.2) + 5MP (f/2.4)|Quay phim: 4K (3840 x 2160)@30fps
Quay chậm HD@240fps|<Camera sau><Camera trước>|Độ phân giải camera: 13 MP|Quay phim: Quay video HD
Quay video Full HD|Tính năng: Bộ lọc màu
Làm đẹp
Xóa phông|<Camera trước><Hệ điều hành & CPU>|Hệ điều hành: Android 14|Vi xử lý: Exynos 1380|Vi xử lý đồ họa (GPU): ARM Mali-G68 MP5|Tốc độ CPU: Octa-core (4x2.4 GHz Cortex-A78 & 4x2.0 GHz Cortex-A55)|<Hệ điều hành & CPU><Bộ nhớ & Lưu trữ>|RAM: 8GB|Bộ nhớ trong: 128GB|Thẻ nhớ ngoài: MicroSD 1 TB|<Bộ nhớ & Lưu trữ><Kết nối>|Số khe SIM: 1 SIM + 1 khe phụ (SIM/thẻ nhớ)|Bluetooth: V5.3|Cổng kết nối/sạc: Type-C|Jack tai nghe: Type-C|Kết nối khác: Đang cập nhật|Wi-Fi: 802.11 a/b/g/n/ac/ax|Cảm biến: Cảm biến vân tay trong màn hình|Mạng di động: 5G|Định vị: GPS
Glonass
Beidou
Galileo
QZSS|Kết Nối NFC: Có|<Kết nối><Thiết kế - trọng lượng>|Kích thước: 161.7mm x 78.0mm x 8.2mm|Trọng lượng: 209g|Thiết kế: Nguyên khối|Chất liệu: Khung nhựa & Mặt lưng kính|<Thiết kế - trọng lượng><Pin & Sạc>|Dung lượng pin sản phẩm: 5000mAh|Công nghệ pin: Sạc nhanh|Loại pin: Li-Po|Hỗ trợ sạc tối đa: 25W|<Pin & Sạc><Tiện ích>|Bảo mật sinh trắc học: Khuôn mặt
Vân tay dưới màn hình|Kháng nước, kháng bụi: IP67|Tính năng đặc biệt: Ghi âm cuộc gọi
Hỗ trợ radio FM
khoanh tròn để tìm kiếm|<Tiện ích><Thông tin chung>|Thời điểm ra mắt: 03/2024|Sản phẩm bao gồm: Hộp, Sách hướng dẫn, Cây lấy sim, Cáp Type C|<Thông tin chung>"
https://hoanghamobile.com/dien-thoai/samsung-galaxy-s24-Ultra-12gb-1tb-chinh-hang,Điện Thoại AI - Samsung Galaxy S24 Ultra - 12GB/1TB - Chính hãng,"Màu Đen,Xám,Màu Vàng,Màu Tím","42,490,000 ₫,42,490,000 ₫,42,490,000 ₫,42,490,000 ₫","44,490,000 ₫","40,490,000 ₫","<Màn hình>|Công nghệ màn hình: Dynamic AMOLED 2X|Kích thước màn hình: 6.8""|Tần số quét (Hz): 120Hz|Độ phân giải: 3120 x 1440|Độ sáng màn hình: 2600nits|<Màn hình><Camera sau>|Quay phim: HD 720p@30fps
FullHD 1080p@60fps
FullHD 1080p@30fps
FullHD 1080p@240fps
FullHD 1080p@120fps
8K 4320p@30fps
4K 2160p@60fps
4K 2160p@30fps
4K 2160p@120fps|Tính năng: Ảnh Raw
Zoom quang học
Zoom kỹ thuật số
Xóa phông
Video chân dung
Video chuyên nghiệp
Tự động lấy nét (AF)
Trôi nhanh thời gian (Time Lapse)
Toàn cảnh (Panorama)
Super HDR
Siêu độ phân giải
Quét mã QR
Quay video hiển thị kép
Quay Siêu chậm (Super Slow Motion)
Quay chậm (Slow Motion)
Làm đẹp
Góc siêu rộng (Ultrawide)
Chụp ảnh chuyển động
Chụp một chạm
Chụp hẹn giờ
Chống rung quang học (OIS)
Chống rung kỹ thuật số (VDIS)
Chuyên nghiệp (Pro)
Bộ lọc màu
Ban đêm (Night Mode)|Đèn Flash: Có|Độ phân giải camera: 200.0 MP (f/1.7) + 50.0 MP (f/3.4) + 12.0 MP (f/2.2) + 10.0 MP (f/2.4)|<Camera sau><Camera trước>|Độ phân giải camera: 12.0 MP|Tính năng: Xóa phông
Video chân dung
Video chuyên nghiệp
Trôi nhanh thời gian (Time Lapse)
Quay chậm (Slow Motion
Nhãn dán (AR Stickers)
Làm đẹp
Góc rộng (Wide)
Flash màn hình
Chụp ảnh chuyển động
Chụp đêm
Chụp một chạm
Chụp hẹn giờ
Chụp bằng cử chỉ
Chân dung đêm
Bộ lọc màu|Quay phim: Quay video HD
Quay video Full HD
Quay video 4K|<Camera trước><Hệ điều hành & CPU>|Vi xử lý: Snapdragon 8 Gen 3|Vi xử lý đồ họa (GPU): Adreno 750|Hệ điều hành: Android 14|Tốc độ CPU: 8-core (1x3.39GHz Cortex-X4 & 3x3.1GHz Cortex-A720 & 2x2.9GHz Cortex-A720 & 2x2.2GHz Cortex-A520)|<Hệ điều hành & CPU><Bộ nhớ & Lưu trữ>|RAM: 12GB|Bộ nhớ trong: 1TB|Thẻ nhớ ngoài: Không hỗ trợ thẻ nhớ|<Bộ nhớ & Lưu trữ><Kết nối>|Số khe SIM: Nano-SIM (4FF),Embedded-SIM|Bluetooth: V5.3|Cổng kết nối/sạc: Type-C|Jack tai nghe: Type-C|Kết nối khác: Đang cập nhật|Wi-Fi: 802.11a/b/g/n/ac/ax/be|Mạng di động: 5G|Cảm biến: Gia tốc
Áp suất kế
Cảm biến vân tay
Cảm biến Gyro
Cảm biến Geomagnetic
Cảm biến Hall
Cảm biến ánh sáng
Cảm biến tiệm cận|Định vị: GPS
Glonass
Beidou
Galileo
QZSS|Kết Nối NFC: Có|<Kết nối><Thiết kế - trọng lượng>|Trọng lượng: 232g|Kích thước: 162.3mm x 79.0mm x 8.6mm|Thiết kế: Nguyên khối|Chất liệu: Khung Titan & Mặt lưng kính cường lực|<Thiết kế - trọng lượng><Pin & Sạc>|Dung lượng pin sản phẩm: 5000mAh|Hỗ trợ sạc tối đa: 45W|Công nghệ pin: Tiết kiệm pin
Sạc pin nhanh
Sạc ngược không dây
Sạc không dây|Loại pin: Li-Po|<Pin & Sạc><Tiện ích>|Tính năng đặc biệt: Ứng dụng kép (Dual Messenger)
Đa cửa sổ (chia đôi màn hình)
Âm thanh Dolby Atmos
Âm thanh AKG
Vision Booster
Tối ưu game (Game Booster)
Trợ lý ảo Samsung Bixby
Trợ lý ảo Google Assistant
Trợ lý Note thông minh
Trợ lý note quyền năng
Trợ lý chỉnh ảnh
Trợ lý chat thông minh
Thu nhỏ màn hình sử dụng một tay
Samsung Pay
Samsung DeX (Kết nối màn hình sử dụng giao diện tương tự PC)
Ray Tracing
Phiên dịch trực tiếp
Mở rộng bộ nhớ RAM
Màn hình luôn hiển thị AOD
Loa kép
Không gian thứ hai (Thư mục bảo mật)
Khoanh vùng search đa năng
Hệ thống tản nhiệt Vapor Chamber
Cử chỉ thông minh
Chặn tin nhắn
Chặn cuộc gọi
Chạm 2 lần tắt/sáng màn hình|Bảo mật sinh trắc học: Mở khoá vân tay dưới màn hình, Mở khoá khuôn mặt|Kháng nước, kháng bụi: IP68|<Tiện ích><Thông tin chung>|Thời điểm ra mắt: 01/2024|Sản phẩm bao gồm: Cáp Type C, Cây lấy sim, Hộp, Sách hướng dẫn|<Thông tin chung>"
https://hoanghamobile.com/dien-thoai/samsung-galaxy-s24-Ultra-12gb-512gb-chinh-hang,Điện Thoại AI - Samsung Galaxy S24 Ultra - 12GB/512GB - Chính hãng,"Màu Đen,Xám,Màu Tím,Màu Vàng","26,490,000 ₫,26,490,000 ₫,26,490,000 ₫,26,490,000 ₫","37,490,000 ₫","24,490,000 ₫","<Màn hình>|Công nghệ màn hình: Dynamic AMOLED 2X|Kích thước màn hình: 6.8""|Tần số quét (Hz): 120Hz|Độ phân giải: 3120 x 1440|Độ sáng màn hình: 2600nits|<Màn hình><Camera sau>|Quay phim: HD 720p@30fps
FullHD 1080p@60fps
FullHD 1080p@30fps
FullHD 1080p@240fps
FullHD 1080p@120fps
8K 4320p@30fps
4K 2160p@60fps
4K 2160p@30fps
4K 2160p@120fps|Tính năng: Ảnh Raw
Zoom quang học
Zoom kỹ thuật số
Xóa phông
Video chân dung
Video chuyên nghiệp
Tự động lấy nét (AF)
Trôi nhanh thời gian (Time Lapse)
Toàn cảnh (Panorama)
Super HDR
Siêu độ phân giải
Quét mã QR
Quay video hiển thị kép
Quay Siêu chậm (Super Slow Motion)
Quay chậm (Slow Motion)
Làm đẹp
Góc siêu rộng (Ultrawide)
Chụp ảnh chuyển động
Chụp một chạm
Chụp hẹn giờ
Chống rung quang học (OIS)
Chống rung kỹ thuật số (VDIS)
Chuyên nghiệp (Pro)
Bộ lọc màu
Ban đêm (Night Mode)|Đèn Flash: Có|Độ phân giải camera: 200.0 MP (f/1.7) + 50.0 MP (f/3.4) + 12.0 MP (f/2.2) + 10.0 MP (f/2.4)|<Camera sau><Camera trước>|Độ phân giải camera: 12.0 MP|Tính năng: Xóa phông
Video chân dung
Video chuyên nghiệp
Trôi nhanh thời gian (Time Lapse)
Quay chậm (Slow Motion
Nhãn dán (AR Stickers)
Làm đẹp
Góc rộng (Wide)
Flash màn hình
Chụp ảnh chuyển động
Chụp đêm
Chụp một chạm
Chụp hẹn giờ
Chụp bằng cử chỉ
Chân dung đêm
Bộ lọc màu|Quay phim: Quay video HD
Quay video Full HD
Quay video 4K|<Camera trước><Hệ điều hành & CPU>|Vi xử lý: Snapdragon 8 Gen 3|Hệ điều hành: Android 14|Vi xử lý đồ họa (GPU): Adreno 750|Tốc độ CPU: 8-core (1x3.39GHz Cortex-X4 & 3x3.1GHz Cortex-A720 & 2x2.9GHz Cortex-A720 & 2x2.2GHz Cortex-A520)|<Hệ điều hành & CPU><Bộ nhớ & Lưu trữ>|RAM: 12GB|Bộ nhớ trong: 512GB|Bộ nhớ còn lại (khả dụng): 484 GB|Thẻ nhớ ngoài: Không hỗ trợ thẻ nhớ|<Bộ nhớ & Lưu trữ><Kết nối>|Số khe SIM: Nano-SIM (4FF),Embedded-SIM|Bluetooth: V5.3|Cổng kết nối/sạc: Type-C|Jack tai nghe: Type-C|Kết nối khác: Đang cập nhật|Wi-Fi: 802.11a/b/g/n/ac/ax/be|Mạng di động: 5G|Cảm biến: Gia tốc
Áp suất kế
Cảm biến vân tay
Cảm biến Gyro
Cảm biến Geomagnetic
Cảm biến Hall
Cảm biến ánh sáng
Cảm biến tiệm cận|Định vị: GPS
Glonass
Beidou
Galileo
QZSS|Kết Nối NFC: Có|<Kết nối><Thiết kế - trọng lượng>|Trọng lượng: 232|Kích thước: 162.3mm x 79.0mm x 8.6mm|Thiết kế: Nguyên khối|Chất liệu: Khung Titan & Mặt lưng kính cường lực|<Thiết kế - trọng lượng><Pin & Sạc>|Dung lượng pin sản phẩm: 5000mAh|Hỗ trợ sạc tối đa: 45W|Công nghệ pin: Tiết kiệm pin
Sạc pin nhanh
Sạc ngược không dây
Sạc không dây|Loại pin: Li-Ion|<Pin & Sạc><Tiện ích>|Tính năng đặc biệt: Ứng dụng kép (Dual Messenger)
Đa cửa sổ (chia đôi màn hình)
Âm thanh Dolby Atmos
Âm thanh AKG
Vision Booster
Tối ưu game (Game Booster)
Trợ lý ảo Samsung Bixby
Trợ lý ảo Google Assistant
Trợ lý Note thông minh
Trợ lý note quyền năng
Trợ lý chỉnh ảnh
Trợ lý chat thông minh
Thu nhỏ màn hình sử dụng một tay
Samsung Pay
Samsung DeX (Kết nối màn hình sử dụng giao diện tương tự PC)
Ray Tracing
Phiên dịch trực tiếp
Mở rộng bộ nhớ RAM
Màn hình luôn hiển thị AOD
Loa kép
Không gian thứ hai (Thư mục bảo mật)
Khoanh vùng search đa năng
Hệ thống tản nhiệt Vapor Chamber
Cử chỉ thông minh
Chặn tin nhắn
Chặn cuộc gọi
Chạm 2 lần tắt/sáng màn hình|Bảo mật sinh trắc học: Mở khoá vân tay dưới màn hình, Mở khoá khuôn mặt|Kháng nước, kháng bụi: IP68|<Tiện ích><Thông tin chung>|Thời điểm ra mắt: 01/2024|Sản phẩm bao gồm: Cáp Type C, Cây lấy sim, Hộp, Sách hướng dẫn|<Thông tin chung>"
https://hoanghamobile.com/dien-thoai/samsung-galaxy-s24-8gb-512gb-chinh-hang,Điện Thoại AI - Samsung Galaxy S24 - 8GB/512GB - Chính hãng,"Màu Đen,Xám,Màu Tím,Màu Vàng","17,190,000 ₫,17,190,000 ₫,17,190,000 ₫,17,190,000 ₫","26,490,000 ₫","15,190,000 ₫","<Màn hình>|Kích thước màn hình: 6.2""|Công nghệ màn hình: Dynamic AMOLED 2X|Tần số quét (Hz): 120Hz|Độ phân giải: 2340 x 1080|Độ sáng màn hình: 2600nits|<Màn hình><Camera sau>|Tính năng: Optical Zoom 3x, Optical quality Zoom 2x (Enabled by Adaptive Pixel sensor) , Digital Zoom up to 30x|Đèn Flash: Có|Độ phân giải camera: 50 MP ( f/1.8) + 10.0 MP (f/2.4) + 12.0 MP (f/2.2)|Quay phim: UHD 8K (7680 x 4320)@30fps
FHD@240fps
UHD@120fps|<Camera sau><Camera trước>|Độ phân giải camera: 12.0 MP|<Camera trước><Hệ điều hành & CPU>|Vi xử lý: Exynos 2400|Hệ điều hành: Android 14|Tốc độ CPU: 10-core (1x3.2GHz Cortex-X4 & 2x2.9GHz Cortex-A720 & 3x2.6GHz Cortex-A720 & 4x1.95GHz Cortex-A520)|Vi xử lý đồ họa (GPU): Xclipse 940|<Hệ điều hành & CPU><Bộ nhớ & Lưu trữ>|RAM: 8GB|Bộ nhớ trong: 512GB|Thẻ nhớ ngoài: Không hỗ trợ thẻ nhớ|<Bộ nhớ & Lưu trữ><Kết nối>|Số khe SIM: Nano-SIM (4FF),Embedded-SIM|Cổng kết nối/sạc: Type-C|Bluetooth: V5.3|Định vị: GPS
GLONASS
BDS
GALILEO|Jack tai nghe: Đang cập nhật|Kết nối khác: Đang cập nhật|Wi-Fi: 802.11a/b/g/n/ac/ax|Mạng di động: 5G|Cảm biến: Gia tốc
Áp suất kế
Cảm biến vân tay
Cảm biến Gyro
Cảm biến Geomagnetic
Cảm biến Hall
Cảm biến ánh sáng
Cảm biến tiệm cận|Kết Nối NFC: Có|<Kết nối><Thiết kế - trọng lượng>|Kích thước: 147.0mm x 70.6mm x 7.6mm|Thiết kế: Nguyên khối|Chất liệu: Khung nhôm & Mặt lưng kính cường lực|Trọng lượng: 232g|<Thiết kế - trọng lượng><Pin & Sạc>|Hỗ trợ sạc tối đa: 25W|Dung lượng pin sản phẩm: 4000mAh|Loại pin: Li-Po|Công nghệ pin: Sạc nhanh 45W
Chia sẻ pin không dây
Sạc siêu nhanh
Sạc không dây|<Pin & Sạc><Tiện ích>|Kháng nước, kháng bụi: IP68|Bảo mật sinh trắc học: Mở khoá vân tay dưới màn hình
Mở khoá khuôn mặt|Tính năng đặc biệt: Ứng dụng kép (Dual Messenger)
Đa cửa sổ (chia đôi màn hình)
Âm thanh Dolby Atmos
Âm thanh AKG
Vision Booster
Tối ưu game (Game Booster)
Trợ lý ảo Samsung Bixby
Trợ lý ảo Google Assistant
Trợ lý note thông minh
Trợ lý chỉnh ảnh
Trợ lý chat thông minh
Thu nhỏ màn hình sử dụng một tay
Samsung Pay
Samsung DeX (Kết nối màn hình sử dụng giao diện tương tự PC)
Ray Tracing
Phiên dịch trực tiếp
Mở rộng bộ nhớ RAM
Màn hình luôn hiển thị AOD
Loa kép
Khoanh vùng search đa năng
Hệ thống tản nhiệt Vapor Chamber
DCI-P3
Cử chỉ thông minh
Chế độ đơn giản (Giao diện đơn giản)
Chặn tin nhắn
Chặn cuộc gọi
Chạm 2 lần tắt/sáng màn hình|<Tiện ích><Thông tin chung>|Thời điểm ra mắt: 01/2024|Sản phẩm bao gồm: Cáp Type C, Cây lấy sim, Hộp, Sách hướng dẫn|<Thông tin chung>"
https://hoanghamobile.com/dien-thoai/samsung-galaxy-s24-ultra-chinh-hang,Điện Thoại AI - Samsung Galaxy S24 Ultra - 12GB/256GB - Chính hãng,"Màu Đen,Xám,Màu Vàng,Màu Tím","23,450,000 ₫,23,450,000 ₫,23,450,000 ₫,23,450,000 ₫","33,990,000 ₫","21,450,000 ₫","<Màn hình>|Công nghệ màn hình: Dynamic AMOLED 2X|Kích thước màn hình: 6.8""|Tần số quét (Hz): 120Hz|Độ phân giải: 3120 x 1440|Độ sáng màn hình: 2600nits|<Màn hình><Camera sau>|Quay phim: HD 720p@30fps
FullHD 1080p@60fps
FullHD 1080p@30fps
FullHD 1080p@240fps
FullHD 1080p@120fps
8K 4320p@30fps
4K 2160p@60fps
4K 2160p@30fps
4K 2160p@120fps|Tính năng: Ảnh Raw
Zoom quang học
Zoom kỹ thuật số
Xóa phông
Video chân dung
Video chuyên nghiệp
Tự động lấy nét (AF)
Trôi nhanh thời gian (Time Lapse)
Toàn cảnh (Panorama)
Super HDR
Siêu độ phân giải
Quét mã QR
Quay video hiển thị kép
Quay Siêu chậm (Super Slow Motion)
Quay chậm (Slow Motion)
Làm đẹp
Góc siêu rộng (Ultrawide)
Chụp ảnh chuyển động
Chụp một chạm
Chụp hẹn giờ
Chống rung quang học (OIS)
Chống rung kỹ thuật số (VDIS)
Chuyên nghiệp (Pro)
Bộ lọc màu
Ban đêm (Night Mode)|Đèn Flash: Có|Độ phân giải camera: 200.0 MP (f/1.7) + 50.0 MP (f/3.4) + 12.0 MP (f/2.2) + 10.0 MP (f/2.4)|<Camera sau><Camera trước>|Độ phân giải camera: 12.0 MP|Tính năng: Xóa phông
Video chân dung
Video chuyên nghiệp
Trôi nhanh thời gian (Time Lapse)
Quay chậm (Slow Motion
Nhãn dán (AR Stickers)
Làm đẹp
Góc rộng (Wide)
Flash màn hình
Chụp ảnh chuyển động
Chụp đêm
Chụp một chạm
Chụp hẹn giờ
Chụp bằng cử chỉ
Chân dung đêm
Bộ lọc màu|Quay phim: Quay video HD
Quay video Full HD
Quay video 4K|<Camera trước><Hệ điều hành & CPU>|Vi xử lý: Snapdragon 8 Gen 3|Vi xử lý đồ họa (GPU): Adreno 750|Hệ điều hành: Android 14|Tốc độ CPU: 8-core (1x3.39GHz Cortex-X4 & 3x3.1GHz Cortex-A720 & 2x2.9GHz Cortex-A720 & 2x2.2GHz Cortex-A520)|<Hệ điều hành & CPU><Bộ nhớ & Lưu trữ>|RAM: 12GB|Bộ nhớ trong: 256GB|Thẻ nhớ ngoài: Không hỗ trợ thẻ nhớ|<Bộ nhớ & Lưu trữ><Kết nối>|Số khe SIM: Nano-SIM (4FF),Embedded-SIM|Cổng kết nối/sạc: Type-C|Bluetooth: V5.3|Jack tai nghe: Type-C|Kết nối khác: Đang cập nhật|Wi-Fi: 802.11a/b/g/n/ac/ax/be|Mạng di động: 5G|Cảm biến: Gia tốc
Áp suất kế
Cảm biến vân tay
Cảm biến Gyro
Cảm biến Geomagnetic
Cảm biến Hall
Cảm biến ánh sáng
Cảm biến tiệm cận|Định vị: GPS
Glonass
Beidou
Galileo
QZSS|Kết Nối NFC: Có|<Kết nối><Thiết kế - trọng lượng>|Kích thước: 162.3mm x 79.0mm x 8.6mm|Trọng lượng: 232g|Thiết kế: Nguyên khối|Chất liệu: Khung Titan & Mặt lưng kính cường lực|<Thiết kế - trọng lượng><Pin & Sạc>|Dung lượng pin sản phẩm: 5000mAh|Hỗ trợ sạc tối đa: 45W|Công nghệ pin: Tiết kiệm pin
Sạc pin nhanh
Sạc ngược không dây
Sạc không dây|Loại pin: Li-Po|<Pin & Sạc><Tiện ích>|Tính năng đặc biệt: Ứng dụng kép (Dual Messenger)
Đa cửa sổ (chia đôi màn hình)
Âm thanh Dolby Atmos
Âm thanh AKG
Vision Booster
Tối ưu game (Game Booster)
Trợ lý ảo Samsung Bixby
Trợ lý ảo Google Assistant
Trợ lý Note thông minh
Trợ lý note quyền năng
Trợ lý chỉnh ảnh
Trợ lý chat thông minh
Thu nhỏ màn hình sử dụng một tay
Samsung Pay
Samsung DeX (Kết nối màn hình sử dụng giao diện tương tự PC)
Ray Tracing
Phiên dịch trực tiếp
Mở rộng bộ nhớ RAM
Màn hình luôn hiển thị AOD
Loa kép
Không gian thứ hai (Thư mục bảo mật)
Khoanh vùng search đa năng
Hệ thống tản nhiệt Vapor Chamber
Cử chỉ thông minh
Chặn tin nhắn
Chặn cuộc gọi
Chạm 2 lần tắt/sáng màn hình|Bảo mật sinh trắc học: Mở khoá vân tay dưới màn hình, Mở khoá khuôn mặt|Kháng nước, kháng bụi: IP68|<Tiện ích><Thông tin chung>|Thời điểm ra mắt: 01/2024|Sản phẩm bao gồm: Cáp Type C, Cây lấy sim, Hộp, Sách hướng dẫn|<Thông tin chung>"
https://hoanghamobile.com/dien-thoai/samsung-galaxy-s24-plus-chinh-hang,Điện Thoại AI - Samsung Galaxy S24 Plus - 12GB/256GB - Chính Hãng,"Màu Đen,Xám,Màu Vàng,Màu Tím","18,990,000 ₫,18,990,000 ₫,18,990,000 ₫,18,990,000 ₫","26,990,000 ₫","16,990,000 ₫","<Màn hình>|Kích thước màn hình: 6.7""|Công nghệ màn hình: Dynamic AMOLED 2X|Tần số quét (Hz): 120Hz|Độ phân giải: 3120 x 1440|Độ sáng màn hình: 2600nits|<Màn hình><Camera sau>|Tính năng: Optical Zoom 3x, Optical quality Zoom 2x (Enabled by Adaptive Pixel sensor) , Digital Zoom up to 30x|Quay phim: UHD 8K (7680 x 4320)@30fps|Đèn Flash: Có|Độ phân giải camera: 50.0 MP (f/1.8) + 10.0 MP (f/2.2) + 12.0 MP (f/2.2)|<Camera sau><Camera trước>|Độ phân giải camera: 12.0 MP
(F2.2)|<Camera trước><Hệ điều hành & CPU>|Vi xử lý: Exynos 2400|Hệ điều hành: Android 14|Tốc độ CPU: 10-core (1x3.2GHz Cortex-X4 & 2x2.9GHz Cortex-A720 & 3x2.6GHz Cortex-A720 & 4x1.95GHz Cortex-A520)|Vi xử lý đồ họa (GPU): Xclipse 940|<Hệ điều hành & CPU><Bộ nhớ & Lưu trữ>|RAM: 12GB|Bộ nhớ trong: 256GB|Thẻ nhớ ngoài: Không hỗ trợ thẻ nhớ|<Bộ nhớ & Lưu trữ><Kết nối>|Số khe SIM: Nano-SIM (4FF),Embedded-SIM|Cổng kết nối/sạc: Type-C|Bluetooth: V5.3|Định vị: GPS
GLONASS
BDS
GALILEO|Jack tai nghe: Đang cập nhật|Kết nối khác: Đang cập nhật|Wi-Fi: 802.11a/b/g/n/ac/ax|Mạng di động: 5G|Cảm biến: Gia tốc
Áp suất kế
Cảm biến vân tay
Cảm biến Gyro
Cảm biến Geomagnetic
Cảm biến Hall
Cảm biến ánh sáng
Cảm biến tiệm cận|Kết Nối NFC: Có|<Kết nối><Thiết kế - trọng lượng>|Kích thước: 158.5mm x 75.9mm x 7.7mm|Trọng lượng: 196g|Thiết kế: Nguyên khối|Chất liệu: Khung nhôm & Mặt lưng kính cường lực|<Thiết kế - trọng lượng><Pin & Sạc>|Dung lượng pin sản phẩm: 4900mAh|Hỗ trợ sạc tối đa: 45W|Loại pin: Li-Po|Công nghệ pin: Sạc nhanh 45W
Chia sẻ pin không dây
Sạc siêu nhanh
Sạc không dây|<Pin & Sạc><Tiện ích>|Kháng nước, kháng bụi: IP68|Bảo mật sinh trắc học: Mở khoá vân tay dưới màn hình
Mở khoá khuôn mặt|Tính năng đặc biệt: Ứng dụng kép (Dual Messenger)
Đa cửa sổ (chia đôi màn hình)
Âm thanh Dolby Atmos
Âm thanh AKG
Vision Booster
Tối ưu game (Game Booster)
Trợ lý ảo Samsung Bixby
Trợ lý ảo Google Assistant
Trợ lý note thông minh
Trợ lý chỉnh ảnh
Trợ lý chat thông minh
Thu nhỏ màn hình sử dụng một tay
Samsung Pay
Samsung DeX (Kết nối màn hình sử dụng giao diện tương tự PC)
Ray Tracing
Phiên dịch trực tiếp
Mở rộng bộ nhớ RAM
Màn hình luôn hiển thị AOD
Loa kép
Khoanh vùng search đa năng
Hệ thống tản nhiệt Vapor Chamber
DCI-P3
Cử chỉ thông minh
Chế độ đơn giản (Giao diện đơn giản)
Chặn tin nhắn
Chặn cuộc gọi
Chạm 2 lần tắt/sáng màn hình|<Tiện ích><Thông tin chung>|Thời điểm ra mắt: 01/2024|Sản phẩm bao gồm: Cáp Type C, Cây lấy sim, Hộp, Sách hướng dẫn|<Thông tin chung>"
https://hoanghamobile.com/dien-thoai-di-dong/samsung-galaxy-s23-ultra-8gb-256gb-chinh-hang,Điện thoại Samsung Galaxy S23 Ultra 8GB/256GB,"Xanh,Màu Đen,Kem,Màu Tím","19,490,000 ₫,19,490,000 ₫,19,490,000 ₫,19,490,000 ₫","31,990,000 ₫","17,490,000 ₫","<Màn hình>|Độ phân giải: 3088 x 1440|Kích thước màn hình: 6.8""|Độ sáng màn hình: 1200nits|Tần số quét (Hz): 120Hz|Công nghệ màn hình: Dynamic AMOLED 2X|<Màn hình><Camera sau>|Tính năng: Zoom quang học 3x và 10x
Zoom Kỹ thuật số lên tới 100x|Đèn Flash: Có|Độ phân giải camera: 200MP (f/1.7) x 12MP (f/2.2) x 10MP (f/4.9) x 10MP (f/2.4)|<Camera sau><Camera trước>|Độ phân giải camera: 12MP|<Camera trước><Hệ điều hành & CPU>|Vi xử lý: Snapdragon 8 Gen 2|Hệ điều hành: Android 13|Tốc độ CPU: Octa-core (1x3.36 GHz Cortex-X3 & 2x2.8 GHz Cortex-A715 & 2x2.8 GHz Cortex-A710 & 3x2.0 GHz Cortex-A510)|Vi xử lý đồ họa (GPU): Adreno 740|<Hệ điều hành & CPU><Bộ nhớ & Lưu trữ>|RAM: 8GB|Bộ nhớ trong: 256GB|Thẻ nhớ ngoài: Không hỗ trợ thẻ nhớ|<Bộ nhớ & Lưu trữ><Kết nối>|Định vị: GPS
GLONASS
BDS
GALILEO|Bluetooth: V5.3|Cổng kết nối/sạc: Type-C|Jack tai nghe: Type-C|Kết nối khác: OTG
Đang cập nhật|Wi-Fi: Wi-Fi 802.11 a/b/g/n/ac/ax|Số khe SIM: 2 Nano SIM hoặc 1 Nano SIM + 1 eSIM|Mạng di động: 5G|Cảm biến: Cảm biến vân tay trong màn hình
Cảm biến gia tốc
Cảm biến tiệm cận
La bàn
Con quay hồi chuyển
Cảm biến áp kế|Kết Nối NFC: Có|<Kết nối><Thiết kế - trọng lượng>|Chất liệu: Khung viền Armor Aluminum|Kích thước: 163.4mm x 78.1mm x 8.9mm|Thiết kế: Nguyên khối|Trọng lượng: 223g|<Thiết kế - trọng lượng><Pin & Sạc>|Dung lượng pin sản phẩm: 5000mAh|Hỗ trợ sạc tối đa: 45W|Loại pin: Li-Po|Công nghệ pin: Sạc có dây: 45W có dây
Sạc không dây: 15W (Qi/PMA)
Chia sẻ pin không dây|<Pin & Sạc><Tiện ích>|Kháng nước, kháng bụi: IP68|Tính năng đặc biệt: Samsung Health
Samsung Wallet|Bảo mật sinh trắc học: Mở khoá vân tay dưới màn hình
Mở khoá khuôn mặt|<Tiện ích><Thông tin chung>|Thời điểm ra mắt: 02/2023|Sản phẩm bao gồm: Hộp, Sách hướng dẫn, Cây lấy sim, Cáp Type C|<Thông tin chung>"
https://hoanghamobile.com/dien-thoai/samsung-galaxy-s23-fe-5g-8gb-128gb,Điện thoại Samsung Galaxy S23 FE 5G 8GB/128GB,"Xám,Màu Tím","11,490,000 ₫,11,490,000 ₫","14,890,000 ₫","10,490,000 ₫","<Màn hình>|Kích thước màn hình: 6.4""|Độ phân giải: 2340 x 1080|Công nghệ màn hình: Dynamic AMOLED 2X|Tần số quét (Hz): 120Hz|Độ sáng màn hình: 1200nits|<Màn hình><Camera sau>|Đèn Flash: Có|Độ phân giải camera: 50MP (f/1.8) + 12MP (f/2.2) + 8MP (f/2.4)|Quay phim: Độ Phân Giải Quay Video: UHD 8K (7680 x 4320)@24fps
Quay chậm: HD@960fps, FHD@240fps|<Camera sau><Camera trước>|Độ phân giải camera: 10MP (F2.4)|<Camera trước><Hệ điều hành & CPU>|Hệ điều hành: Android|Vi xử lý: Exynos 2200|Tốc độ CPU: Octa-core (1x3.00 GHz Cortex-X2 & 3x2.50 GHz Cortex-A710 & 4x1.80 GHz Cortex-A510) - USA|Vi xử lý đồ họa (GPU): Xclipse 920|<Hệ điều hành & CPU><Bộ nhớ & Lưu trữ>|RAM: 8GB|Bộ nhớ trong: 128GB|Thẻ nhớ ngoài: Không hỗ trợ thẻ nhớ|<Bộ nhớ & Lưu trữ><Kết nối>|Số khe SIM: SIM Kép (SIM 1 + SIM 2 or Embedded SIM)|Cổng kết nối/sạc: Type-C|Bluetooth: V5.3|Cảm biến: Gia tốc, Áp suất kế, Cảm biến vân tay, Cảm biến Gyro, Cảm biến Geomagnetic, Cảm biến Hall, Cảm biến ánh sáng, Cảm biến tiệm cận ảo|Jack tai nghe: Type-C|Kết nối khác: Đang cập nhật|Wi-Fi: 802.11 a/b/g/n/ac/ax|Mạng di động: 5G|Định vị: GPS
Glonass
Beidou
Galileo
QZSS|Kết Nối NFC: Có|<Kết nối><Thiết kế - trọng lượng>|Chất liệu: Khung viền kim loại cao cấp|Kích thước: 158.0mm x 76.5mm x 8.2mm|Trọng lượng: 209|Thiết kế: Nguyên khối|<Thiết kế - trọng lượng><Pin & Sạc>|Dung lượng pin sản phẩm: 4500mAh|Hỗ trợ sạc tối đa: 25W|Loại pin: Li-Po|Công nghệ pin: Tiết kiệm pin
Sạc pin nhanh
Sạc ngược không dây
Sạc không dây
Siêu tiết kiệm pin|<Pin & Sạc><Tiện ích>|Kháng nước, kháng bụi: IP68|Tính năng đặc biệt: Eye Comfort Sheild|Bảo mật sinh trắc học: Mở khoá vân tay dưới màn hình
Mở khoá khuôn mặt|<Tiện ích><Thông tin chung>|Thời điểm ra mắt: 10/2023|Sản phẩm bao gồm: Hộp, Sách hướng dẫn, Cây lấy sim, Cáp Type C|<Thông tin chung>"
https://hoanghamobile.com/dien-thoai-di-dong/samsung-a25-5G-chinh-hang,Samsung Galaxy A25 5G - 6GB/128GB - Chính hãng,"Xanh,Màu Đen,Màu Vàng","4,990,000 ₫,4,990,000 ₫,4,990,000 ₫","6,590,000 ₫","4,490,000 ₫","<Màn hình>|Công nghệ màn hình: Super AMOLED|Độ phân giải: 2340 x 1080|Kích thước màn hình: 6.5""|Độ sáng màn hình: 1000nits|Tần số quét (Hz): 120Hz|<Màn hình><Camera sau>|Tính năng: Góc siêu rộng (Ultrawide)
Xóa phông
Toàn cảnh (Panorama)
Tự động lấy nét (AF)
Ban đêm (Night Mode)
Chuyên nghiệp (Pro)
Quay Siêu chậm (Super Slow Motion)
Siêu cận (Macro)|Đèn Flash: Có|Độ phân giải camera: 50 MP (f/1.8) + 8 MP (f/2.2) + 2 MP (f/2.4)|Quay phim: FullHD 1080p@30fps
HD 720p@120fps|<Camera sau><Camera trước>|Độ phân giải camera: 13 MP|Tính năng: Làm đẹp.
Xóa phông.|<Camera trước><Hệ điều hành & CPU>|Vi xử lý: Exynos 1280|Vi xử lý đồ họa (GPU): ARM Mali-G68|Hệ điều hành: Android 14|Tốc độ CPU: Octa-core (2x2.4 GHz Cortex-A78 & 6x2.0 GHz Cortex-A55)|<Hệ điều hành & CPU><Bộ nhớ & Lưu trữ>|Thẻ nhớ ngoài: MicroSD, hỗ trợ tối đa 1 TB|RAM: 6GB|Bộ nhớ trong: 128GB|<Bộ nhớ & Lưu trữ><Kết nối>|Số khe SIM: 2 Nano SIM|Định vị: BEIDOU
QZSS
GPS
GLONASS
GALILEO|Bluetooth: V5.3|Cổng kết nối/sạc: Type-C|Jack tai nghe: 3.5 mm|Kết nối khác: Đang cập nhật|Wi-Fi: Wi-Fi 802.11 a/b/g/n/ac|Mạng di động: 5G|Cảm biến: Cảm biến vân tay cạnh bên
Cảm biến gia tốc
Cảm biến tiệm cận
La bàn
Con quay hồi chuyển
Cảm biến áp kế|Kết Nối NFC: Có|<Kết nối><Thiết kế - trọng lượng>|Thiết kế: Nguyên khối|Trọng lượng: 197g|Chất liệu: Khung & Mặt lưng nhựa|Kích thước: 161mm x 76.5mm x 8.3mm|<Thiết kế - trọng lượng><Pin & Sạc>|Dung lượng pin sản phẩm: 5000mAh|Loại pin: Li-Po|Hỗ trợ sạc tối đa: 25W|Công nghệ pin: Sạc pin nhanh|<Pin & Sạc><Tiện ích>|Bảo mật sinh trắc học: Mở khoá vân tay cạnh viền
Mở khoá khuôn mặt|Tính năng đặc biệt: Chạm 2 lần sáng màn hình
Ghi âm mặc địnhGhi âm cuộc gọi|Kháng nước, kháng bụi: Đang cập nhật|<Tiện ích><Thông tin chung>|Thời điểm ra mắt: 12/2023|Sản phẩm bao gồm: Hộp, Sách hướng dẫn, Cây lấy sim, Cáp Type C|<Thông tin chung>"
https://hoanghamobile.com/dien-thoai-di-dong/samsung-a15-chinh-hang,Samsung Galaxy A15 - 8GB/128GB - Chính hãng,"Xanh,Màu Đen,Màu Vàng","3,990,000 ₫,3,990,000 ₫,3,990,000 ₫","4,990,000 ₫","3,490,000 ₫","<Màn hình>|Kích thước màn hình: 6.5""|Công nghệ màn hình: Super AMOLED|Độ phân giải: 2400 x 1080|Độ sáng màn hình: 800nits|Tần số quét (Hz): 90Hz|<Màn hình><Camera sau>|Quay phim: HD 720p@30fps
HD 720p@120fps
FullHD 1080p@30fps|Tính năng: Xóa phông
Tự động lấy nét (AF)
Toàn cảnh (Panorama)
Siêu cận (Macro)
Quét mã QR
Quay chậm (Slow Motion)
Nhãn dán (AR Stickers)
Làm đẹp
HDR
Góc siêu rộng (Ultrawide)
Chụp hẹn giờ
Chuyên nghiệp (Pro)
Bộ lọc màu
Ban đêm (Night Mode)|Đèn Flash: Có|Độ phân giải camera: 50 MP (f/1.8) + 5 MP (f/2.2) + 2 MP (f/2.4)|<Camera sau><Camera trước>|Độ phân giải camera: 13MP, F2.0|Quay phim: Quay video HD
Quay video Full HD|Tính năng: Bộ lọc màu
Làm đẹp
Xóa phông|<Camera trước><Hệ điều hành & CPU>|Vi xử lý: MediaTek Helio G99|Hệ điều hành: One UI 6.0|Vi xử lý đồ họa (GPU): ARM Mali-G57|Tốc độ CPU: Octa-core (2x2.2 GHz Cortex-A76 & 6x2.0 GHz Cortex-A55)|<Hệ điều hành & CPU><Bộ nhớ & Lưu trữ>|RAM: 8GB|Thẻ nhớ ngoài: Hỗ trợ thẻ nhớ ngoài tối đa 1TB|Bộ nhớ trong: 128GB|Bộ nhớ còn lại (khả dụng): 108 GB|<Bộ nhớ & Lưu trữ><Kết nối>|Số khe SIM: 2 Nano SIM|Định vị: QZSS
GPS
GLONASS
GALILEO
BEIDOU|Bluetooth: V5.3|Cổng kết nối/sạc: Type-C|Jack tai nghe: 3.5 mm|Kết nối khác: Đang cập nhật|Wi-Fi: Wi-Fi 802.11 a/b/g/n/ac|Mạng di động: 4G|Cảm biến: Cảm biến vân tay cạnh bên
Cảm biến gia tốc
Cảm biến tiệm cận
Cảm biến ánh sáng
Cảm biến trọng lực|Kết Nối NFC: Có|<Kết nối><Thiết kế - trọng lượng>|Kích thước: 160.1mm x 76.8mm x 8.4mm|Trọng lượng: 197g|Chất liệu: Khung máy: Nhựa Polycarbonate
Mặt lưng máy: Nhựa Polycarbonate|Thiết kế: Nguyên khối|<Thiết kế - trọng lượng><Pin & Sạc>|Dung lượng pin sản phẩm: 5000mAh|Hỗ trợ sạc tối đa: 25W|Công nghệ pin: Sạc pin nhanh|Loại pin: Li-Po|<Pin & Sạc><Tiện ích>|Bảo mật sinh trắc học: Vân tay cạnh bên
Bảo mật Knox|Tính năng đặc biệt: Chạm 2 lần sáng màn hình
Ghi âm cuộc gọi|Kháng nước, kháng bụi: Đang cập nhật|<Tiện ích><Thông tin chung>|Thời điểm ra mắt: 12/2023|Sản phẩm bao gồm: Cáp Type C, Cây lấy sim, Hộp, Sách hướng dẫn|<Thông tin chung>"
https://hoanghamobile.com/dien-thoai-di-dong/samsung-galaxy-z-flip5-8gb-512gb-chinh-hang,Điện thoại Samsung Galaxy Z Flip5 8GB/512GB,"Xanh,Xám,Kem,Màu Tím","14,490,000 ₫,14,490,000 ₫,14,490,000 ₫,14,490,000 ₫","29,990,000 ₫","12,490,000 ₫","<Màn hình>|Công nghệ màn hình: AMOLED|Độ sáng màn hình: 1000nits|Tần số quét (Hz): 120Hz|Kích thước màn hình: 6.7"" - 3.4""|Độ phân giải: MH Chính: 2640 x 1080
MH Phụ: 748 x 720|<Màn hình><Camera sau>|Tính năng: Góc siêu rộng (Ultrawide)
Góc rộng (Wide)
Chống rung quang học (OIS)
Ban đêm (Night Mode)
FlexCam
Zoom kỹ thuật số|Đèn Flash: Có|Độ phân giải camera: 12 MP (f/1.8) x 12 MP (f/2.2)|<Camera sau><Camera trước>|Độ phân giải camera: 10 MP|<Camera trước><Hệ điều hành & CPU>|Hệ điều hành: Android 13|Vi xử lý: Snapdragon 8 Gen 2|Vi xử lý đồ họa (GPU): Adreno 740|Tốc độ CPU: Octa-core (1x3.36 GHz Cortex-X3 & 2x2.8 GHz Cortex-A715 & 2x2.8 GHz Cortex-A710 & 3x2.0 GHz Cortex-A510)|<Hệ điều hành & CPU><Bộ nhớ & Lưu trữ>|RAM: 8GB|Bộ nhớ trong: 512GB|Thẻ nhớ ngoài: Không hỗ trợ|Bộ nhớ còn lại (khả dụng): 453.7 GB|<Bộ nhớ & Lưu trữ><Kết nối>|Số khe SIM: 1 Nano SIM & 1 eSIM|Định vị: GLONASS
GPS
GALILEO
QZSS
BEIDOU|Bluetooth: V5.3|Cổng kết nối/sạc: Type-C|Jack tai nghe: Type-C|Kết nối khác: Đang cập nhật|Wi-Fi: Wi-Fi 802.11 a/b/g/n/ac/ax|Mạng di động: 5G|Cảm biến: Cảm biến vân tay cạnh bên
Cảm biến tiệm cận
Cảm biến ánh sáng
La bàn|Kết Nối NFC: Có|<Kết nối><Thiết kế - trọng lượng>|Thiết kế: Nguyên khối|Chất liệu: Khung nhôm & Mặt lưng kính cường lực|Kích thước: 165.1mm x 71.9mm x 6.9mm|Trọng lượng: 187g|<Thiết kế - trọng lượng><Pin & Sạc>|Dung lượng pin sản phẩm: 3700mAh|Hỗ trợ sạc tối đa: 25W|Công nghệ pin: Sạc không dây
Sạc pin nhanh
Tiết kiệm pin|Loại pin: Li-Po|<Pin & Sạc><Tiện ích>|Kháng nước, kháng bụi: IPX8|Tính năng đặc biệt: Âm thanh Dolby Atmos|Bảo mật sinh trắc học: Mở khoá khuôn mặtMở khoá vân tay cạnh viền|<Tiện ích><Thông tin chung>|Thời điểm ra mắt: 07/2023|Sản phẩm bao gồm: Hộp, Sách hướng dẫn, Cây lấy sim, Cáp Type C|<Thông tin chung>"
https://hoanghamobile.com/dien-thoai-di-dong/samsung-galaxy-z-flip5-256gb-chinh-hang,Điện thoại Samsung Galaxy Z Flip5 8GB/256GB,"Xanh,Xám,Kem,Màu Tím","14,690,000 ₫,14,690,000 ₫,14,690,000 ₫,14,690,000 ₫","25,990,000 ₫","12,690,000 ₫","<Màn hình>|Kích thước màn hình: 6.7""
3.4""|Công nghệ màn hình: AMOLED|Độ sáng màn hình: 1000nits|Tần số quét (Hz): 120Hz|Độ phân giải: MH Chính: 2640 x 1080
MH Phụ: 748 x 720|<Màn hình><Camera sau>|Tính năng: Góc siêu rộng (Ultrawide)
Góc rộng (Wide)
Chống rung quang học (OIS)
Ban đêm (Night Mode)
FlexCam
Zoom kỹ thuật số|Đèn Flash: Có|Độ phân giải camera: 12 MP (f/1.8) x 12 MP (f/2.2)|<Camera sau><Camera trước>|Độ phân giải camera: 10 MP|<Camera trước><Hệ điều hành & CPU>|Vi xử lý: Snapdragon 8 Gen 2|Hệ điều hành: Android 13|Vi xử lý đồ họa (GPU): Adreno 740|Tốc độ CPU: Octa-core (1x3.36 GHz Cortex-X3 & 2x2.8 GHz Cortex-A715 & 2x2.8 GHz Cortex-A710 & 3x2.0 GHz Cortex-A510)|<Hệ điều hành & CPU><Bộ nhớ & Lưu trữ>|RAM: 8GB|Bộ nhớ trong: 256GB|Thẻ nhớ ngoài: Không hỗ trợ thẻ nhớ|Bộ nhớ còn lại (khả dụng): 216.6 GB|<Bộ nhớ & Lưu trữ><Kết nối>|Số khe SIM: 1 Nano SIM & 1 eSIM|Định vị: GLONASS
GPS
GALILEO
QZSS
BEIDOU|Bluetooth: V5.3|Cổng kết nối/sạc: Type-C|Jack tai nghe: Type-C|Kết nối khác: OTG
Đang cập nhật|Wi-Fi: Wi-Fi 802.11 a/b/g/n/ac/ax|Mạng di động: 5G|Cảm biến: Cảm biến vân tay cạnh bên
Cảm biến tiệm cận
Cảm biến ánh sáng
La bàn|Kết Nối NFC: Có|<Kết nối><Thiết kế - trọng lượng>|Chất liệu: Khung nhôm & Mặt lưng kính cường lực|Thiết kế: Nguyên khối|Kích thước: 165.1mm x 71.9mm x 6.9mm|Trọng lượng: 187g|<Thiết kế - trọng lượng><Pin & Sạc>|Dung lượng pin sản phẩm: 3700mAh|Hỗ trợ sạc tối đa: 25W|Công nghệ pin: Sạc không dây
Sạc pin nhanh
Tiết kiệm pin|Loại pin: Li-Po|<Pin & Sạc><Tiện ích>|Kháng nước, kháng bụi: IPX8|Tính năng đặc biệt: Âm thanh Dolby Atmos|Bảo mật sinh trắc học: Mở khoá khuôn mặtMở khoá vân tay cạnh viền|<Tiện ích><Thông tin chung>|Thời điểm ra mắt: 07/2023|Sản phẩm bao gồm: Hộp, Sách hướng dẫn, Cây lấy sim, Cáp Type C|<Thông tin chung>"
https://hoanghamobile.com/dien-thoai-di-dong/samsung-galaxy-m34-5G-chinh-hang,Điện thoại Samsung Galaxy M34 5G 8GB/128GB,"Xanh đậm,Xanh Nhạt","5,290,000 ₫,5,290,000 ₫","7,990,000 ₫","4,790,000 ₫","<Màn hình>|Kích thước màn hình: 6.5""|Độ phân giải: 2400 x 1080|Công nghệ màn hình: Infinity-U|Độ sáng màn hình: 1000nits|Tần số quét (Hz): 120Hz|<Màn hình><Camera sau>|Đèn Flash: Có|Độ phân giải camera: 8MP (f/2.2) + 50MP (f/1.8) + 2MP (f/2.4)|<Camera sau><Camera trước>|Độ phân giải camera: 13MP (F2.2)|<Camera trước><Hệ điều hành & CPU>|Vi xử lý: Exynos 1280|Hệ điều hành: Android 13|Tốc độ CPU: Octa-core (2x2.4 GHz Cortex-A78 & 6x2.0 GHz Cortex-A55)|Vi xử lý đồ họa (GPU): ARM Mali-G68|<Hệ điều hành & CPU><Bộ nhớ & Lưu trữ>|RAM: 8GB|Bộ nhớ trong: 128GB|Thẻ nhớ ngoài: MicroSD, hỗ trợ tối đa 1 TB|<Bộ nhớ & Lưu trữ><Kết nối>|Định vị: GPS
GLONASS
GALILEO
BDS|Bluetooth: V5.3|Cổng kết nối/sạc: Type-C|Jack tai nghe: 3.5mm|Kết nối khác: Đang cập nhật|Wi-Fi: 802.11 a/b/g/n/ac|Số khe SIM: 2 Nano SIM|Mạng di động: 5G|Cảm biến: Cảm biến vân tay cạnh bên
Cảm biến gia tốc
La bàn
Con quay hồi chuyển
Cảm biến áp kế|Kết Nối NFC: Có|<Kết nối><Thiết kế - trọng lượng>|Kích thước: 161.7mm x 77.2mm x 8.8mm|Trọng lượng: 208g|Thiết kế: Nguyên khối|Chất liệu: Khung & Mặt lưng nhựa|<Thiết kế - trọng lượng><Pin & Sạc>|Dung lượng pin sản phẩm: 6000mAh|Hỗ trợ sạc tối đa: 25W|Loại pin: Li-Po|Công nghệ pin: Sạc nhanh 25 W|<Pin & Sạc><Tiện ích>|Kháng nước, kháng bụi: Đang cập nhật|Bảo mật sinh trắc học: Mở khoá vân tay cạnh viền
Mở khoá khuôn mặt|Tính năng đặc biệt: Ứng dụng kép (Dual Messenger)
Âm thanh Dolby Atmos
Vision Booster
Tối ưu game (Game Booster)
Trợ lý ảo Google Assistant
Thu nhỏ màn hình sử dụng một tay
Smart Switch (ứng dụng chuyển đổi dữ liệu)
Mở rộng bộ nhớ RAM
Màn hình luôn hiển thị AOD
Không gian thứ hai (Thư mục bảo mật)
Chế độ đơn giản (Giao diện đơn giản)
Chế độ trẻ em (Samsung Kids)
Chặn cuộc gọi
Chạm 2 lần tắt/sáng màn hình|<Tiện ích><Thông tin chung>|Thời điểm ra mắt: 10/2023|Sản phẩm bao gồm: Cáp Type C, Cây lấy sim, Hộp, Sách hướng dẫn|<Thông tin chung>"
https://hoanghamobile.com/dien-thoai-di-dong/samsung-galaxy-a05s-4gb-128gb-chinh-hang,Điện thoại Samsung Galaxy A05S - 4GB/128GB,"Xanh,Màu Đen,Bạc","2,790,000 ₫,2,790,000 ₫,2,790,000 ₫","3,990,000 ₫","2,290,000 ₫","<Màn hình>|Kích thước màn hình: 6.7""|Độ phân giải: 2400 x 1080|Công nghệ màn hình: PLS LCD|Tần số quét (Hz): 90Hz|Độ sáng màn hình: 500nits|<Màn hình><Camera sau>|Quay phim: HD 720p@120fps
FullHD 1080p@60fps
FullHD 1080p@30fps|Tính năng: Zoom kỹ thuật số
Xóa phông
Tự động lấy nét (AF)
Trôi nhanh thời gian (Time Lapse)
Toàn cảnh (Panorama)
Siêu cận (Macro)
Quay chậm (Slow Motion)
Làm đẹp
HDR
Chụp hẹn giờ
Chuyên nghiệp (Pro)
Bộ lọc màu
Ban đêm (Night Mode)|Đèn Flash: Có|Độ phân giải camera: 50MP (f/1.8) + 2MP (f/2.4) + 2MP (f/2.4)|<Camera sau><Camera trước>|Độ phân giải camera: 13MP (F2.0)|<Camera trước><Hệ điều hành & CPU>|Vi xử lý: Snapdragon 680|Hệ điều hành: One UI 5.1|Vi xử lý đồ họa (GPU): Adreno 610|Tốc độ CPU: Octa-core (4x2.4 GHz Kryo 265 Gold & 4x1.9 GHz Kryo 265 Silver)|<Hệ điều hành & CPU><Bộ nhớ & Lưu trữ>|RAM: 4GB|Bộ nhớ trong: 128GB|Bộ nhớ còn lại (khả dụng): 104.5 GB|Thẻ nhớ ngoài: MicroSD, hỗ trợ tối đa 1 TB|<Bộ nhớ & Lưu trữ><Kết nối>|Số khe SIM: 2 Nano SIM|Định vị: QZSS
GPS
GLONASS
GALILEO
BEIDOU|Bluetooth: V5.1|Cổng kết nối/sạc: Type-C|Jack tai nghe: 3.5 mm|Kết nối khác: Đang cập nhật|Wi-Fi: Wi-Fi 802.11 a/b/g/n/ac|Mạng di động: 4G|Cảm biến: Cảm biến vân tay cạnh bên
Cảm biến gia tốc
Cảm biến tiệm cận
Cảm biến ánh sáng|Kết Nối NFC: Không|<Kết nối><Thiết kế - trọng lượng>|Kích thước: 168mm x 77.8mm x 8.8mm|Trọng lượng: 194g|Thiết kế: Nguyên khối|Chất liệu: Khung & Mặt lưng nhựa|<Thiết kế - trọng lượng><Pin & Sạc>|Dung lượng pin sản phẩm: 5000mAh|Hỗ trợ sạc tối đa: 25W|Công nghệ pin: Tiết kiệm pin, Sạc pin nhanh|Loại pin: Li-Po|<Pin & Sạc><Tiện ích>|Bảo mật sinh trắc học: Mở khoá vân tay cạnh viền, Mở khoá khuôn mặt|Tính năng đặc biệt: Đa cửa sổ (chia đôi màn hình)
Âm thanh Dolby Atmos
Thu nhỏ màn hình sử dụng một tay
Mở rộng bộ nhớ RAM
Cử chỉ thông minh
Chế độ trẻ em (Samsung Kids)
Chặn tin nhắn
Chặn cuộc gọi
Chạm 2 lần tắt/sáng màn hình|Kháng nước, kháng bụi: Đang cập nhật|<Tiện ích><Thông tin chung>|Thời điểm ra mắt: 09/2023|Sản phẩm bao gồm: Hộp, Sách hướng dẫn, Cây lấy sim, Cáp Type C|<Thông tin chung>"
